name,closest
ALL THAT JAVA Tivoli,
Carriage Towne Bar & Grille,
Pearl's Bay Villa Restaurant and Marina,
House of Fortune Inc,
Pakwan Restaurant - Fremont,
Bristol Gardens & Grill,
"Wendy Conquest, MA, LPC, CSAT-S",[270]
Darcy's cafe and slots,
Anderson's in the Village,"[1965, 2633]"
Liberty Family Dining,
Steve's Pizza Palace,
97 Cafe,"[19, 26, 61, 143, 200, 249, 282, 283, 365, 407, 547, 562, 610, 690, 811, 857, 948, 998, 1001, 1026, 1107, 1325, 1375, 1399, 1442, 1488, 1533, 1544, 1739, 1987, 2016, 2068, 2126, 2159, 2304, 2352, 2412, 2495, 2508, 2520, 2573, 2615, 2629, 2685, 2697, 2702, 2709, 2721, 2725, 2776, 2918]"
Loading Zone II,
Cornerstone Coffee and Sweets,
Familia Bar & Grill,
Saigon's Restaurant,[2272]
Buttercup Cafe North Berwick,
Tasty Pizza North,
Chen's Chinese Bistro,[2643]
Cafe Arnou Cocktail & Wine Bar,"[11, 547, 2725]"
Side Track,
Main Street Cucina,"[423, 1391, 1839, 2112]"
G.W. Tavern,
La Postreria y m√°s caf√©,
Bent Bean,"[48, 456, 1371]"
The Broken Paddle Coffee House,"[1219, 1437, 1490, 2038, 2067, 2404, 2642, 2712, 2867]"
Cafe Azucar,"[11, 61, 249, 282, 283, 407, 547, 562, 610, 690, 811, 857, 948, 998, 1026, 1107, 1375, 1399, 1442, 1488, 1544, 1739, 1987, 2016, 2068, 2126, 2159, 2352, 2508, 2520, 2573, 2615, 2629, 2697, 2709, 2721, 2725]"
Village Book & Table,
C'u na mBan Kitchens,
Bolton Ridge Bar & Grill,
Red Arrow Restaurant,
Why Not Take a Break Cafe,
Best Western Heritage Inn,
Patty Ann's Cafe,
Arber Cafe LLC,
Cuatlatl's Family Kitchen,
Rocco's Italian Grille & Bar,
The Covington Restaurant,"[174, 509, 717, 792, 1018, 1227, 1278, 1941, 2030]"
ABG's Bar,
Pera Cafe,
Riggatti's Wood Fired Pizza St. George,
"Bart W. Mcdonald, MPT","[849, 1059, 1311]"
Enve Beauty Bar,
THE ROCK BAR + GRILL,"[64, 334, 789, 854, 1333, 1374, 1624, 1931, 2094, 2232, 2723, 2909, 2914, 2980]"
R & C Cafe,"[179, 460, 743, 1430]"
Haven's Cafe,
J & B Restaurant,"[1358, 2851]"
1818 Central Ltd,"[198, 358, 719, 1289, 1743, 2356]"
Bentley's Tavern,[24]
Alverley Express BBQ House,
The Refuge Caf√©,"[140, 519, 532, 584, 789, 1056]"
Nellie's Restaurant,"[761, 915, 995]"
North Star Grille,"[867, 2153]"
Culbokie Inn,
Pizza Village of Beulaville,
The Alaskan Hotel & Bar,"[89, 1018, 1374, 1562, 1699, 2030, 2498, 2603]"
Ginger & Garlic Chinese & Sushi Restaurant,
Maulana's Cafe,
Teddy's Donuts,
DickieJo's Burgers,
U.S. Pizza Co Fayetteville,
Cafe Robinson,"[11, 26, 283, 407, 547, 562, 610, 690, 857, 948, 1107, 1375, 1399, 1442, 1544, 1739, 1940, 1987, 2068, 2126, 2159, 2304, 2508, 2520, 2573, 2629, 2697, 2721, 2725, 2776]"
Sweetgrass Restaurant & Porch,
Coffee On Raiford,"[563, 723, 1136, 1188, 1613]"
The Kettle Black,"[43, 140, 789, 1313, 1355, 1658, 1931, 2347, 2400, 2906]"
Cloud 44,
Bubbly Bar,
AL'an Ruben's Bar & Grill,
Mountain Perks,[1334]
Repair Caf√© Gosport,
Angkor Wat Restaurant,
El Metate - Hixson,
Chalkboards,
Macdonald Oil and Gas,"[831, 2900]"
Decadent A Coffee and Dessert Bar,
La Taverne,[1668]
Tahoe Waterman's Landing,
Hymie's,
Ana's Corner Store,
Wicked Cow Burgers and Brews - Upland,
Beachcroft Hotel & Beach Hut Suites,
Seoul Soondae Restaurant,
Morenita Restaurante & Pupuser√≠a,
Pearl Restaurant & Oyster Bar,
Flava Coffee & Cafe,
Nippo Lake Golf Club Restaurant,
Jak's Downtown Diner,
Reiser Wendy L DO,
RIZE Nutrition,
The Kingston Ale House,"[334, 854, 1018, 1696, 1921, 2499, 2973]"
Di Luccas Pizzeria and Restaurant,
The Bread Box Cafe,"[560, 789, 1172, 1240, 1317, 1712, 2232, 2331]"
The Crazy Gator,"[537, 789, 924, 941, 1397, 2232, 2863, 2935]"
La Kokona Restaurant,
Papasan's Vietnamese Cafe,
Log Cabin Pizza Osakis,
Texas Donut Ranch,
Inizio Pizza Napoletana,
Antica Italian Restaurant & Wine Bar,
Twisted Noodles Chapel Hill,
Gilly's bar,
Amish Meal at the home of Earl & Lisa Miller,
Eight4Nine Restaurant & Lounge,
Nori Thai Restaurant,
Aire & Calder Brewers Fayre,
The Cafe @ Antrim Way,"[705, 789, 1397, 2017, 2315, 2910]"
Auto Care,
Mi Acapulco,
Caro's Mexican Restaurant,[1746]
L & I's Food & Spirits,
The Vineyard Inn,"[247, 348, 789, 852, 1071, 1416, 1649, 1658, 1725, 1921, 2232, 2628, 2882, 2935]"
Myrtle's Pie,
Fuzion Sports Bar & Grill,
Lanesplitter Pizza & Pub,
Travelodge by Wyndham Las Vegas Center Strip,
Restaurant 1890 by Gordon Ramsay,"[1615, 2015, 2559, 2904]"
Pint and Jigger,
El Maguey Grill Mexican Restaurant,
La Mangonada Restaurant & Fruteria,
"Wendy Picard, Ph.D.","[274, 466, 479, 501, 524, 711, 2238]"
High Country Health Foods,
Diamond A Goss Bar-B-Q,
Namaste Indian Restaurant and Club Prosecco Lounge,
Jimmy Carter Blvd & Dunkin Donuts OB,
Regalo Trattoria & Pizza Bar,
Panevino Italian Grille & Deli Caf√©,
Kellys Irish Pub,
Fito‚Äôs mexican,
Hardison mill homestead hall,
Pizzeria Bambinos & Bar,
Minstrels Restaurant & Wine Bar,
Delizioso Bistro & Coffee Bar,[2071]
DaVinci's Italian Restaurant,
"Anfinson Thompson & Company, PA",
OvenBird,
Northgate Marketplace,
Scoops & Snack Attack,
Howard‚Äôs Pizza-SW,[943]
Jacob & Anthony Italian,
The Spa Garden Cafe,"[496, 789, 1419, 2115, 2229, 2331, 2882, 2910, 2923]"
The Lecca Cafe,"[50, 64, 154, 156, 239, 315, 432, 532, 652, 765, 789, 836, 924, 1056, 1172, 1276, 1313, 1459, 1564, 1931, 2039, 2090, 2115, 2144, 2347, 2400, 2906, 2910, 2947]"
The Little Kitchen Wigan Ltd,"[1200, 2056, 2973]"
The Blue Owl Sweet Shoppe,"[336, 2424, 2973]"
Cafe Caladesi,"[11, 61, 249, 283, 407, 547, 610, 998, 1001, 1375, 1399, 1442, 1544, 1739, 2016, 2159, 2352, 2508, 2520, 2573, 2615, 2709, 2721, 2725]"
The Railyard Restaurant & Bar,"[406, 1200, 1206, 1490, 1964, 2027, 2038, 2135, 2421, 2642, 2867, 2930, 2973]"
Salina Country Club,
Frontier Bar and Campground,
Stage 2 Coffee House,
Uncle Shug‚Äôs Bar-B-Q Place,
Manor Line Back 40,
Maxibell Restaurant,
Servatii Pastry Shop Symmes,
Cyclelogical Coffee & Gelato,
Chili Dog Stand,
Thai Lily Cafe,
Grapes Restaurant & Bar,
The BlueBird Cafe,"[140, 315, 519, 532, 584, 789, 1416, 1420, 1564, 1902, 2232, 2347, 2906]"
"D' Lua Pancake & Burrito House Moline, IL.",
Chuck Wagon Crawfish,
Mi Tierra Taqueria Y Pupuseria,
Firehouse Coffee Company & Salon 227,[1539]
Karlito‚Äôs Grill Taquer√≠a,
Pilar Caribbean Restaurant,
Ongeez Takeout,
Sumela: Turkish and Mediterranean Restaurant,
AL-SULTAN Mediterranean Grill,
Local Pros Networking,
Ki's Restaurant,
"Market Roost Restaurant, Catering & Bakery",
Oggie's Kitchen & Bar,
Dolce Amici,
Arcade Fish Restaurant,
The Capital BURGERS & BEER,"[369, 1765, 1822, 1922, 1941, 2067, 2094, 2973]"
Refinery Bar & Grill,
The Cove ‚Ä¢ Cafe Bar Venue,"[37, 705, 1172]"
German Coffee,
Los Ruvalcaba - Mexican Food - Restaurant - Texas Blvd,
Camp 4 Coffee,[338]
Patsy's Restaurant,
Gio's Cafe,[1430]
Coops corner,
Lums Coffee Stop,
Georgia French Bakery & Cafe,
Neisen's Corner Bar,
A Taste Of Monrovia,
Torrez Burrito Express,
Papa's Fish And Chips Bilton,
Po Boyz Diner and Grill Ayr,
Aroy Dee,
Village Square Pizza & Ice Cream Parlor,
Spice Station,
Aroma's Coffee & Tea,[2034]
Mc Donald's New & Used Furniture,
Shan's Chinese Restaurant,
Salvadore√±o Restaurant #2- Pupusas,
Crouch St. Bakes,
Llanerch Restaurant,
Frio Canyon Rentals,
Central Park Coffee Company,"[47, 358, 2356]"
Maniac-Mikes Cafe,
Cafe on the Heale,"[11, 283, 407, 547, 610, 811, 1001, 1375, 1987, 2156, 2159, 2352, 2629, 2702, 2725]"
Silvia's Lindo Sinaloa,[1221]
Testa's Bar & Grill,
Brandy Bar Landing,
The Best Chocolate in Town (Pop-Up Store),
Black Bear Beefeater,[1984]
Lincoln Arboretum Cafe,[1518]
Benyue Restaurant (Formerly Lucky Lou),
THAI BASIL SUSHI II,"[298, 1572, 2843]"
Rudder's Cafe,
Silver Cue Billiards Bar,"[1221, 1880, 2050]"
Chef Baldee's Pizza,
Six36,[1044]
Stone Leaf Teahouse,
Facetime Beauty Bar,
Dilraj Restaurant,
Alphy's Catfish House,
The Old Pub,"[789, 807, 1252, 1489, 2322, 2723, 2803]"
Olvera's,
Firenze Restaurant & Pizzeria,
Gentelin's On Broadway,
JW‚Äôs,
Star Provisions Market & Cafe,
Coffee#1 Newhall,"[563, 723, 1136, 1188]"
Strathmore Bagel Cafe,
Nippenose Tavern,
Mother Anna's Restaurant and Bar,
Papa D's,
Bedlam BAR-B-Q Dine in and patio,
Shake Shack Woburn,
D.P. Dough Blacksburg,
Country Club Village,"[392, 2655]"
Farmhaus Coffee Co.,
Greeneville Graze,[643]
Frank's Burger Place,
Waffle & Pancake Shoppe,
Sano Cafe,"[179, 1430]"
Kalapaki Beach Access Parking,
Fritangas Mexican Restaurant Thornton,
The Pasta Corral,"[140, 404, 537, 584, 687, 789, 1048, 1276, 1397, 1505, 1842, 2039, 2090, 2315, 2347, 2475, 2723, 2882, 2906, 2935]"
Luna's Seafood,
Mii amo Caf√©,
Connected,
A2Z Cafe (Inside and patio dining or Carry-out to Curbside),
Wendt's On the Lake,[2238]
Dogleg Sports Bar and Grill,
Litton's,
The Colney Diner,"[110, 404, 537, 789, 1146, 1562, 1658, 1725, 2347, 2385, 2475, 2499, 2803]"
Garcia's Pizza,[2142]
Cafe Zella,"[11, 26, 143, 282, 283, 407, 547, 562, 610, 811, 857, 948, 998, 1001, 1107, 1375, 1399, 1442, 1544, 1739, 1987, 2126, 2159, 2304, 2520, 2573, 2615, 2629, 2709, 2721, 2725]"
Diedrich Espresso Oak Harbor,
Ranas Tandoori Restaurant,
From The Hearth Kitchen and Pie Shop - Market St,
Benja's Thai & Sushi Restaurant,
Taqueria Cindy,"[372, 1104, 1686, 1691, 2248, 2482, 2684, 2985]"
Fresh Freeze,[2647]
Ireland's 32,
Medina Market & Cafe,
Majestic Bar & Grille,
Middleton Place,"[2223, 2605]"
Shaggy's Pass Harbor,
Squatch Box,
Sweet And Earthy,"[374, 1655]"
Greenhaus Coffee,[2233]
Knight Way Cafe,
Kitchen House cafe,[2926]
Taco Salinas,"[280, 473, 1799, 1854]"
Bangkok Express Cafe,
The Cafe at Red Castle Games,"[1200, 2347, 2571]"
Way Fruit Farm Downtown Market and Cafe,
Wendy Liu Accountancy Corp,[6]
Rosa Sky,
Aut-to Mocha,
610 Inc.,[449]
wendy yvonne,"[119, 465, 466, 479, 501, 524, 711, 2018, 2031, 2311, 2515]"
The Bay Kitchen and Stores,"[406, 1200, 1374, 1964, 2817, 2973]"
Everspring,
Abigail's Tea Room,
Harbour View Chip Shop & Cafe,
Chin's Restaurant,"[1366, 2158, 2192, 2550, 2960]"
Taco Island,"[266, 473, 616]"
Sunny Kitchen,
Cafe Kulture,"[11, 26, 249, 338, 407, 547, 610, 811, 857, 998, 1375, 1544, 1739, 1987, 2126, 2304, 2520, 2573, 2615, 2629, 2721, 2725]"
Cafe Osceola,"[11, 26, 61, 143, 200, 249, 282, 338, 407, 547, 562, 610, 690, 811, 1375, 1399, 1544, 2068, 2159, 2520, 2573, 2615, 2629, 2697, 2702, 2709, 2721, 2725]"
The Mess Cafe,"[519, 537, 687, 789, 1048, 1276, 1313, 1333, 1397, 1649, 2143, 2229, 2371, 2906]"
Willie D's Deli,[1012]
Leone's Ristorante & Pizzeria,
Caf√© Malbec Wine & Tapas bar,"[365, 1325, 1533]"
Big Rock Country Club,
Lamorna Cove Cafe,
Falcons Lanes,
Rollercoaster Restaurant,
Angelina‚Äôs Pizzeria e Ristorante,"[991, 1883]"
Honsly Line Bar,
Sawtooth Brewery Public House,
Poppy's Bites & Barrels,
New York Pizza - Carbondale,
Station 43 Tavern,"[568, 2490]"
Thai Herbs Restaurant,"[208, 548, 1572]"
Dolo Restaurant and Bar,
Cub Drive In,
Leroy's cafe,
Los Verdes Mexican Food,
The Rusted Spoon Ogden,"[1184, 1301, 1505, 2135, 2360, 2603]"
Redlight Kitchen & Bar,
Manila Cafe,[729]
Qin Yi,
Top of the Stairs,
Iron Phnx,
Domino's Pizza - Canterbury,
Anwar's Restaurant,
520 Wings,"[833, 2185, 2816]"
Las Delicias LLC,
Alma Nutrition Healthy Hub,
Twisted Biscuit Brunch Co.,[645]
The Real China,"[156, 532, 537, 652, 734, 789, 924, 1172, 1276, 1278, 1313, 1355, 1658, 2144, 2400, 2475, 2906, 2959]"
Pa-Pizza,
Shirley's Pocket Park,
Kenny's Country Restaurant,
East Lyme Pizza Restaurant Llc,
Sturdee Cafe,
Davids Catfish House - Atmore,
Metl Bar Restaurant -Gaslamp,
Shotgun Annie's Saloon & Grill,
TC's Restaurant & Tavern,
Ellwood Thompson's,
Beat Nook Cafe,
Winthrop Center Cafe,
Yummy Gyro Restaurant,
Feral Hog Cafe,
Garbo's Neighborhood Bar,
Tenoch Urban Kitchen & Bar,
Leo's kitchen,[2361]
John Papas Cafe,[2092]
The Hookah Lounge,"[43, 89, 404, 584, 698, 789, 1018, 1317, 1765, 1931, 2475, 2499, 2723, 2863, 2959]"
Eli‚Äôs Restaurant - South Kensington,
The Wellness Bar Post Falls,[142]
Mid Watch Coffee Company,
CAFFE CAFFE,"[26, 177, 282, 283, 485, 562, 811, 1060, 1442, 1987, 2068, 2126, 2159, 2629, 2697]"
VIVA Mexican Restaurant,
Palace Bar Inc.,
Indigo Grille,
BobaLust Burien,
Sabai Sabai Southeast Asian Kitchen,
Fireside Pizza Shop,[2363]
Cujo's Pizza,
Big Bear Pizza Shack,[1075]
Bob's Hamburg,
The River & Sandbar,"[110, 789, 1134, 1240, 1416, 1419, 1696, 1847, 2125, 2331, 2347, 2817, 2923]"
Daydream Cafe,
Szabo's Steakhouse and Seafood,
Pupuseria y Taqueria Eben-Ezer,
New Milford Pizza Station,[2845]
Enchanted Circle Brewing Company,
New Yummy Chinese Restaurant‚Äé,
Brinson's Bar-B-Que,
Souvlaki Place of Bayville,
Coastal Coffee Company,[1025]
Central Cafe and Tearooms,"[47, 198, 719, 1743, 2356]"
Mama's Caribbean Grill & Bar,
Honu Oceanside,
Kanes,"[513, 567]"
Tasty Pasta and Grill,
Grapevine On Main,
Hot Mama's Canteen,
Caf√© 305,"[11, 287, 547, 864, 1325, 1528, 1533, 1940, 2156, 2201, 2412, 2725]"
Malika Indian Restaurant,
Cordon Bleu (Halal),
LE POSH NAIL BAR,
The Ramp Restaurant & Bar,"[172, 406, 1209, 1574, 1586, 1672, 1941, 1964, 2030, 2360, 2500, 2973]"
Encuentro Latino Restaurant,
Round River Baking,
Taqueria El Yaqui,"[254, 1104, 1686, 1691, 2118, 2248, 2482, 2684, 2985]"
Stappa Gap Jamaican Restaurant,
Sweet Treat,"[262, 1583, 1655, 1736, 2203]"
CJ‚Äôs Pizza,
Milano Express,
Hollie Berrie Tea Room,
Honolulu Coffee at Ala Moana,
Gabriel's Sport Cafe,
El Continental Restaurant,[2316]
Time Ethiopan cafe and market,
Izakaya Japanese Restaurant & Sake Bar,
Twisters Espresso,
Brickyard Point,
Anthem Coffee & Tea | Point Ruston,
Lilu,
Chicanos mexican food truck,
Blue Ridge Seafood Restaurant,"[1614, 2173, 2656]"
T & T Authentic Mexican Restaurant,
Catanzaro's Pizza & Subs,[1640]
Dilshad International Restaurant,
Country Meadows,"[231, 2655]"
Playzone Toledo,
Wilson's Sports Bar,
"Premier Inn Birmingham Oldbury (M5, Jct2) hotel",
Pavilion Stores and Caf√©,
McKee's Point Marina,
Bob's Burgers & Brew Birch Bay,
Jack Douglass Saloon,
Mar & Tierra Restaurant,
Win Thai Restaurant,
Syrian Grill Abu Abdu,
"Steam Coffee + Eatery, Authorized Purveyor of Starbucks",
The Mole Hole,"[239, 247, 334, 424, 537, 584, 789, 836, 969, 1146, 1276, 1278, 1317, 1333, 1489, 1658, 1842, 2178, 2232, 2385, 2400, 2475, 2499, 2803, 2947, 2959]"
Capponi's Restaurant,
The Paradise Restaurant,"[144, 275, 369, 496, 1209, 1922, 2089, 2360, 2424, 2542, 2642, 2806, 2817, 2882]"
Cafe LaLa,"[11, 26, 61, 143, 200, 249, 282, 283, 547, 562, 610, 811, 857, 948, 998, 1001, 1107, 1375, 1399, 1442, 1544, 1739, 1987, 2016, 2068, 2126, 2159, 2304, 2352, 2520, 2573, 2615, 2629, 2697, 2709, 2721, 2725]"
Mintwist,
Katz 21 Steak & Spirits,
Aldas Restaurant & Bar,
Kendall Mountain Cafe,
Viscount\Montwood,
Southern Dreams Bakery,"[832, 2114]"
Postmark Cafe,
Little Busters Sport Bar & Grill,
Cottage Grove Retail Building,
PRESS Restaurant,"[1925, 1934, 1956, 1980]"
Basecamp Books and Bites,
Clearview BBQ,
The Hide-Out Bistro & Grill,"[509, 1200, 1209, 1699, 1765, 1822, 2135, 2299, 2806, 2817, 2973]"
Cultivator Coffee,
Obrigado Restaurant,
Main Street Historic District,"[21, 1391, 1839]"
The Milk House Coffee Co.,"[404, 517, 615, 1505, 1508, 2499]"
Tarka Indian Kitchen,
New Orleans Coffee & Beignets,
Khu Larb Thai Restaurant,
Half Moon,
Kay & Dixon Family Restaurant,
Cannadys Cafe,
Los Juan,
The Ranch Cafe & Deli LTD,"[140, 451, 502, 615, 1200, 2027, 2089, 2498, 2502]"
Showboat Lounge,
DiGiorgio's Cafe Largo,
Bishops Diner,
Rod & Ruby's,
El Sabor de M√©xico,"[1263, 1816]"
Stella's Cafe of Plymouth,
Mel's Mudd Coffee & Espresso of cabot,
Pink Pickle,
Asian City Chinese & Japanese restaurant,
Star Cinema Grill,
Brenham Donuts,
Celes hot dogs y mas,
Chef's House,
Broadway bar & Grill on W Broadway Ave,
Clara's,
Mrs. D's,
Incredible Mo's,[273]
Tequila Cantina,
The Point Coffee and Market,"[432, 1172, 2089, 2404]"
Buzzed Bear Coffee Co.,
All Bar One Oxford,
Charlie's Colonial Bar Inc,"[1481, 2751]"
Autumn Cafe,
Benets Cafe,"[24, 1418, 2478]"
Ban Tai Restaurant,[1157]
Vada weitl,
Valley King of Wisconsin,
L & J cafe,[2533]
Miga Korean Restaurant,
Bushel And A Peck Cafe,
La Jaiba Mexican Seafood Grill,[1257]
Dr. Wendy Schulz,"[985, 1852]"
Wendy Borgersen,"[274, 466, 479, 501, 524, 711, 2018, 2031, 2515, 2756]"
Wendy Meyer,"[119, 274, 465, 479, 501, 524, 711, 2018, 2031, 2238, 2311, 2515, 2756]"
Restaurant Equipment Hawai'i,"[805, 1615, 2015, 2904]"
Casa de Cafe,[2902]
EL CAMARON FELIZ II,[655]
Vixen's Beauty Bar,
Christo's Pizza Mystic,
Old Mart Cafe,
TACO REY,"[266, 280, 597, 616, 1732, 1854, 2668]"
Chow On The Square,
Dakar Catering,
Chelle's Special Touch Cafe,
Madres Espresso,
DRAGONS DEN BAR & GRILLE,
Wendy Rineman,"[119, 274, 465, 466, 501, 524, 711, 2018, 2031, 2238, 2311]"
The Scorpian,"[687, 789, 1048, 1064, 2180, 2229, 2344, 2723, 2846]"
Ethnos Coffee,
Javaloha Coffee,[2579]
El Mariachi Mexican Restaurant WPB,
Chelsea's Bar & Grille,
Caffe Tomaso Deli,[338]
Login Required,
Beth Mcdonald,
Big Gear Coffee Roasters,
Mountainside Grill & Bar,[1334]
Southern Cup Coffee Roasters,"[2114, 2948]"
teamc21il,
Fresco's Mexican Grill & Gourmet Frozen Yogurt,
Los Cucos Mexican Cafe Corp,
Pounder's Bar & Grill,
Blue Jacket Grill,[2283]
The Stanford Steakhouse,"[139, 1018, 1693, 2331, 2806]"
Matterhorn Restaurant & Biergarten,
David A Gonzalez DDS,
Southfield Grill,
Sioux Valley Grille,
Wendy Poxon,"[119, 274, 465, 466, 479, 2311, 2515]"
The Dancing Jalapeno on Route 66,"[432, 1209, 2571]"
Salon Bilancia / LV Nail Bar,
Lu Ban Restaurant,
PMTD Restaurants LLC,
Nicola Mcdonald,
Weexplay Tech Cafe Truck,
C-Town Wings,
The Goose Burgers & Beer,"[37, 420, 854, 1093, 1505, 1765, 1822, 2155, 2817, 2909]"
Oldham County Family YMCA,
The New Oasis Cafe,"[765, 789, 836, 852, 1056, 1161, 1562, 1610, 1712, 1726, 2846, 2910, 2925]"
China Wok Restaurant & Sushi Bar,"[2550, 2960]"
kape,"[361, 1198]"
Fortress Coffee,
River Pub & Grill,"[865, 1886, 2048]"
The Elizabeth Guest House and Restaurant,
The Honeysuckle Coffee Co.,"[424, 1508, 2089, 2299]"
Ji Wang Noodle Shop,
The CEU Caf√©,"[50, 156, 284, 532, 652, 687, 789, 1048, 1276, 1333, 1397, 1459, 1564, 2144, 2161, 2322]"
Loughshore Restaurant Limited,
Deli-Caf√© 3 Hermanos,
Burgers & Beer of Corning,
Morrisons Daily- Winston,[1407]
Wendy Martinez,"[119, 274, 465, 466, 479, 711, 1482, 2031, 2238, 2311, 2515]"
El Patron Mexican Grill & Bar,
Wicked Loft Caf√©,
Dr. Jane Mcdonald,
Lure Lakebar,
Tavern 1897,
Jane,[1421]
Island Hotel & Restaurant,[1476]
The Alumni Cafe,"[50, 140, 156, 315, 519, 789, 924, 941, 1276, 1278, 1564, 2344, 2371, 2400]"
Tin Drum Asian Kitchen & Boba Tea Bar - The Collection at Forsyth,
Stanwood Cafe,
The Bee's Knees Pub & Catering Co.,"[1219, 1374, 2038, 2542, 2973]"
Turquoise Restaurant Bramhall,
The Coal Shed,"[92, 239, 247, 315, 687, 717, 789, 836, 924, 1048, 1276, 1333, 1355, 1397, 1649, 1842, 2184, 2229, 2232, 2322, 2347, 2475, 2723, 2803, 2947]"
La Nortena Tamale Factory,
Sands Restaurant,"[1925, 1956, 1980]"
Caroline's Country Cafe,[2746]
Mister's Bar and Lanes,
Spirit Bar Oxford,
Blend Cafe & Bakery at Columbus State Community College,
Luigi's Restaurant And Bar,
Therapeutic Cafe,[789]
Rock Room,"[1568, 1775]"
1815 Cafe,"[11, 19, 26, 61, 143, 200, 249, 282, 283, 365, 407, 562, 610, 690, 811, 857, 948, 998, 1001, 1026, 1107, 1325, 1375, 1399, 1442, 1488, 1533, 1544, 1739, 1987, 2016, 2068, 2126, 2159, 2304, 2352, 2412, 2495, 2508, 2520, 2573, 2615, 2629, 2685, 2697, 2702, 2709, 2721, 2725, 2776, 2918]"
Thai Me restaurant,[298]
George's Dining Room & Bar,
Number 14,[1780]
Shamrock Bar and Grille,
Wah Mei Chinese Restaurant,
Surf Club,
Bouchon,
Jimmy Jack's Rib Shack - Iowa City,
Rossi's Side Street Cafe,
Barb's Diner,"[849, 1059, 1311]"
Corduroy Coffee + Kitchen,
Buffalo Wing Factory,
The Breakfast Caffe,"[91, 139, 789, 1390, 1419, 2102]"
Andrea's Restaurant,"[1220, 1754]"
Cafe Orchid,"[11, 61, 249, 283, 407, 547, 610, 690, 857, 998, 1107, 1375, 1399, 1544, 1739, 1987, 2126, 2508, 2520, 2573, 2615, 2697, 2709, 2721, 2725, 2776]"
Coffee 212,"[63, 223, 723, 1136, 1188, 1189, 1613, 2072, 2131, 2634]"
GyroHouse Mediterranean,
H's Bar & Grill,
Waiting Room,
Kane's Catfish Seafood & Steakhouse,[361]
Station 502,"[297, 2195, 2490]"
Kingdom Caf√© & Grill,
Ballygally Cafe,
City Market/Onion River Co-op,
Sally's Family Restaurant,"[934, 2643]"
Don's NY Pizza,
Bryce Canyon Coffee Co.,
Old Castle Restaurant,
HempLade Vegan Cafe + Juice Bar + Dispensary,
Canyon Pizza Co.,
The View Hitchin Restaurant,"[2038, 2067, 2175, 2542, 2973]"
Shank N Shig BBQ,[1232]
Great Lakes Pizza,"[1102, 1986]"
Legends Pizzeria,
Kosmik Desserts & Cafe Cheri,
Hunan Chinese Amory,
The Buffalo Range,"[50, 156, 239, 334, 404, 789, 941, 1172, 1317, 1902, 2322, 2882, 2959]"
Foodlove Market,
Donut Town Highland,
Atlantis Restaurant & Lounge,
Jimmy's American Grill,[863]
Stripers Waterside Restaurant,
Mornin' Glory Coffee,"[677, 2893]"
Micasa Sub Shop,[2823]
Sandall Park,
Creeks End Inn Bar & Restaurant,
Beyond BBQ,[1789]
Eden Coffee,
THE Hillsville Diner,"[789, 1436, 1562, 2017]"
Tacos el borracho,"[473, 1799, 1854]"
Vic's Casual Dining,
Aunt Julie's Cafe and More,[1763]
Woods Fort Restaurant & Event Venue,
Old Key Lime House,
Momma Pat's A Little Taste of Philly Grille,
Final Draft Brewing Company,
Sauvage Restaurant,[15]
Lazarita's Mexican Restaurant,
Summit Coffee Co. - Noda,[669]
Local Live Music Restaurant & Bar,
Ravenous Cafe,
Papa Boudreaux's Cajun Cafe,
Cafe Noi,"[11, 26, 61, 143, 200, 249, 282, 283, 407, 547, 562, 690, 811, 857, 948, 1001, 1107, 1375, 1399, 1442, 1544, 1739, 1987, 2016, 2068, 2126, 2159, 2304, 2352, 2508, 2520, 2573, 2615, 2629, 2697, 2702, 2709, 2721, 2725, 2776]"
B-Bar-B Ranch,
Lemonjello's Coffee,
Gosnell's Packer Inn,
Bigs Bar and Grill,[1408]
The Deli Lama Store & Cafe,"[424, 432, 662, 1200, 1574, 2360, 2502, 2614, 2806]"
Taco Virgo,"[280, 473]"
MADINA Indian Restaurant,[366]
Steger Haus,
Starbuck Elementary School,"[1225, 1946]"
Garstang Deli-Cafe,
Duncan Donuts,
Village Pizza & Seafood (League City),
La Terraza Mexican Grill and Bar,
Higgins Seafood,
Kooler Ice,
Mo's Tacos,
Singh is King,
Exotic Que,
Das Essen Haus,
Beach Bunny Ice Cream,
Chelsea Bakery,
Utopian Coffee + Kitchen,
Harry and the Natives,
Gift zone internet cafe,
The Dispensary Coffee House + Eatery,"[1286, 2049, 2265]"
Vivo Restaurant,
Wendy's Barber & Beauty Salon,
Jitter Beanz Espresso,
Hilton Head Social Bakery,
Karmatcha Koffee Co,
Enzo Pizza,
Broomtown Cafe,
Green Lantern Pizza,"[233, 1745]"
Brunchin Breakfast & Lunch - Lithia,
Twisted Branch Tea Bazaar,
Mobil Hilltop Truckstop,
Revolution Southampton,[1394]
Thornes Marketplace,
B‚Äôs Goodlicious Coffee,
Julie's,
Dine Korean Restaurant,[1076]
The Cupcakerie,"[519, 687, 789, 807, 924, 1146, 1397, 2161, 2906]"
Curry Station B Indian Restaurant and Catering,
Eagle Caf√© on the Parkway,
EL CAF√â,"[469, 2316]"
Eclectic,
Live Life Cafe,[2533]
Olsen & Company,
Coopers Resturant,
Mosaic Cafe Restaurant,
Peyton's Place LLC,
The FlatHead Saloon,"[615, 789, 836, 1252, 1437, 1624, 2331, 2863]"
Start Roasting Coffee,[738]
Annie's Trading Post,[846]
Catalyst Coffee,
Chilango's Mexican Restaurant,
Twilight Zone Lounge,
Monarca Wings & Mexican Restaurant,
Summit Coffee,"[606, 2784]"
BROTHERS KEBAB & PIZZA,"[1707, 1785]"
The Ugly Mutt Restaurant and Bar,"[1409, 2067]"
Wired Scholar Belk Library,
O'Briens,
UNH Dairy Bar,
Jamaican Joe's,
Mark Twain Casino,[996]
Morning People Cafe,[2561]
Roberta's Diner,
Taqueria sabor a mi tierra,"[843, 1104, 1686, 2118]"
Scurry North 40,
Seawall Bar,
Forks Country Restaurant,
Ciro's Pizza & Subs,
Cocula Restaurant,
DiMillo's On The Water,
Fritz's Adventure,
The patch,"[239, 284, 480, 519, 537, 652, 734, 789, 1048, 1205, 1276, 1333, 1397, 1459, 1649, 2089, 2090, 2115, 2144, 2180, 2188, 2229, 2250, 2315, 2347, 2400, 2723, 2882, 2910, 2914, 2925, 2935]"
The Coffee Scene - Womack AMC,
Snow's BBQ,
Cafe Rabaiotti,"[11, 26, 61, 283, 547, 562, 610, 857, 1375, 1399, 1739, 1987, 2016, 2126, 2159, 2352, 2508, 2520, 2629, 2697, 2709, 2725]"
Pizza Hut Saint-Laurent,
Loyalsock Hotel,
Mix Bar and Grill,
La Esquina Mexican Grill,
KWIK TRIP #638,
Old Florida Grill & Oyster House,
Papa John's (PJ) Distribution Food Services,
The Hut Bridlington,"[334, 789, 969, 1416, 1489, 1624, 1858, 2128, 2331, 2959]"
The French Whisk,"[789, 1172, 1355, 1921, 2897]"
Chifu's Cantina,
Turtle's Bar & Grill,
Quynh's Restaurant,
Yvonne Arnaud Theatre,
Pappageorge Restaurant & Bar,
The Corn Crib of Newman,"[105, 174, 751, 792, 1858, 2175, 2498, 2614]"
Brickhouse 714 Bar and Grill,
Gloria Jean's Coffees Northwoods Mall,
One Pot,
Anejos Cocina Mexicana,
Palo Mesa Pizza II,
"Wendy A. Wright, MA","[119, 274, 465, 466, 479, 524, 2018, 2031, 2238, 2311, 2756]"
Sabaidee,[2617]
Augusta Grille,
Table 19,[1415]
Wolf Mountain Vineyards,[995]
Pho Hung Cuong Restaurant,
The Contented Vine,"[37, 348, 511, 537, 789, 836, 1071, 1317, 1355, 1390, 1416, 1562, 1858, 2475, 2614, 2638, 2863]"
Emmas Coffee Lounge,
Central Middle School Cafeteria,"[47, 358]"
Pho 815,"[926, 2560]"
Alfredo's Pizza King,
Metals Sports Bar and Grill,
101 Coffee,"[63, 223, 563, 1136, 1188, 1189, 1613, 2072, 2131, 2634]"
Blossom Beauty Bar PLLC,
Check Please Cafe,
Lil Baghdad,[2592]
Elysium Axe Bar,
Ruskins Bar,
Zeneli Cafe,[305]
Tacos vs Burritos Cantina,
Mr. Billy's Bar and Grill,
Bardenay Restaurant & Distillery - Coeur d'Alene,
Viva La Vida Mexican Cuisine Opelika,
THE GRILL,"[315, 789, 924, 941, 969, 1146, 1278, 1313, 1624, 1842, 2017, 2161, 2250, 2371, 2385, 2863, 2897, 2914]"
Pizza Patr√≥n Fredericksburg,
Kanona Cafe,
Heart and Soy / Roots,
Starr Street Diner,[663]
Blooming Grounds Coffee House,
Hurst‚Äôs Restaurant and Seafood,
8th Street Restaurant & Saloon,
il Corso,
Mums Cafe,[1277]
Casa Zamora Restaurant,
Sweetheart Cafe & Tea,
Andy's Hickory Pit Bar B Que,[976]
Train's Tavern,
Private Burger Plug,
Caff√® Nero Victoria Place,
HEART Program,[2435]
The Coffee Cup Cornwall,"[705, 1227, 1858, 2475, 2498, 2603, 2614, 2947]"
Jack Holders Restaurant & Bar,
Gardner Ale House,
"American Coffee House, LLC",[1569]
Wu's Fine Chinese Cuisine,
Delhi House Cafe,
Hua Mei Caf√©,
Mallards Pike,
Poseyes en Elizabeth,
46th St. New York Style Pizzeria/Helotes,
Ceylins Restaurant,
"Star Pizza, Kebab & Burger",
Suwana's Thai Orchid Restaurant,
Brown Bag Sub Shoppe,[1030]
The Chicago Cafe,"[140, 511, 789, 792, 1056, 1313, 1564, 1712, 1931, 2144, 2385, 2400, 2614, 2947]"
Franklin NB at Burger King,
Marchese Italian Market & Cafe,
Good Fortune Chinese Restaurant,
What's Cooking Cafe,[1891]
Bubble & Pho,
CFAES Cafe,"[858, 1079, 1174, 1828, 2210]"
KOGI,
Ye Olde Worlde Cafe,
Wyckoff Restaurant,
California Bakery,
Peninsula Point,
Brown's Drive In,
Antiques And Cafe,
Little Italia,"[1099, 1584, 1703, 2086]"
New Delhi Palace,
Yummy Villa,
Andrade's International Restaurant,
3C's Family Restaurant,
Dip Dog Stand,
Sorriso Ristorante & Bar,
"Village Bakery & Cafe, Pittsford NY",
Muddy Waters Sports Bar & Grille,
Z-Place Pizza,
The 1901,"[43, 50, 64, 91, 92, 105, 110, 139, 140, 156, 217, 239, 247, 284, 315, 334, 348, 404, 480, 511, 519, 532, 537, 545, 560, 584, 596, 652, 662, 687, 698, 699, 717, 734, 765, 807, 836, 852, 924, 941, 969, 1048, 1056, 1071, 1134, 1141, 1146, 1161, 1172, 1173, 1205, 1240, 1252, 1276, 1278, 1301, 1313, 1317, 1333, 1355, 1360, 1390, 1397, 1416, 1419, 1436, 1437, 1459, 1489, 1505, 1564, 1604, 1610, 1624, 1649, 1658, 1674, 1712, 1725, 1726, 1770, 1842, 1858, 1902, 1921, 1922, 1931, 2030, 2039, 2090, 2115, 2125, 2128, 2144, 2161, 2178, 2180, 2184, 2188, 2229, 2232, 2242, 2250, 2315, 2322, 2331, 2344, 2347, 2371, 2385, 2400, 2475, 2499, 2625, 2628, 2638, 2680, 2723, 2803, 2846, 2863, 2882, 2897, 2903, 2906, 2910, 2914, 2923, 2925, 2935, 2947, 2959, 2977]"
Red Boy Pizza & Restaurant Ignacio,
Rooster Hand Crafted Coffee,
The Organic Hair Cafe,"[37, 705, 765, 941, 1172, 2102, 2502, 2571, 2923]"
Domenico's Delicatessen and Cafe,
Sasquatch Tavern and Grill,
Pizza Plugg,[2037]
Creekside Bar,
Vino Loco Wine & Tapas,
Two John's Saloon,
Merewood Country House Hotel,
Playmaker's,
Red Bowl Chinese Restaurant,
Hunt Enterprises,
Ruggiero's Pizza & Deli,
Woodstock,
Restaurant La Belle Province,"[467, 1615, 2015, 2559, 2904]"
Shuffle's West | The Ultimate Sports Gaming Bar,
The Outsider,"[217, 480, 652, 789, 1048, 1146, 1173, 1725, 1842, 2161, 2250, 2906]"
Curve -Inn,
"Indian Flavour, Indian Takeaway",
Also Known As,
Cafe Nutella,"[11, 26, 200, 249, 282, 283, 338, 407, 547, 610, 857, 948, 998, 1375, 1399, 1544, 1987, 2068, 2159, 2352, 2520, 2573, 2615, 2629, 2709, 2721, 2725]"
Nestle Toll House Cafe - North Little Rock,
Edwards,[2021]
Jewellery by Shell,
Bar Acuda,"[849, 1059, 1170, 1311, 2319]"
Herradero Bar,
Farmers Fishers Bakers,
Beckett's Burger Bar & Barrel Room,[2481]
Gayle's Bakery & Rosticceria,
Gojo Market,
Bean Barn 2,[2001]
Riverside Market,
Brasil Kiss Coffeebar,
Old country buffet,
Mozzarella's,
Aldens Fishmarket & Restaurant,
Fast Eddie's Fried Chicken,
Palominos Bar and Restaurant,
Northern Expresso,"[52, 867, 1978]"
"Finish Line Bar & Grill, llc",
Macdonald Morlich Hotel,"[73, 2022]"
South Dayton Hotel,[413]
Wings Heaven,"[311, 2185]"
Nick's House of Pizza Restaurant,
Pasha Middle East Cafe,
The Woodlands Cafe,"[140, 404, 511, 537, 662, 789, 1276, 1313, 1505, 1562, 1604, 1674, 1712, 1842, 2090, 2125, 2331, 2347]"
Butler Family Restaurant & Diner,
Green Iguana Bar & Grill,[2543]
Weir Country Store,
Taormina's Family Restaurant,
Staywell Nourished Cafe,
Bubble Tea and Thai Cafe,
Taqueria Express Mexican Food,"[679, 1104, 1686, 2118]"
"Lynx Lake Cafe, Store & Marina",
a167 cafe,"[1484, 2513]"
Annie‚Äôs Smoothie Shop,[664]
Mariachi Fiesta,
Chaptico Market & Deli,
Bar 46,"[41, 557, 815, 1028, 1059, 1170, 1199, 1311, 1386, 1458, 1592, 2152, 2319, 2564, 2657]"
Navarre,
COVE,"[973, 1487]"
The Inn on Main,"[110, 511, 532, 789, 1056, 1658, 1725, 2846, 2863, 2959]"
Olde Hickory Station,
The Long Bar Pub & Grill,"[43, 89, 1624, 1696, 1699, 1858, 2030, 2094, 2135, 2909, 2973, 2980]"
Montana's Saloon (Shoptalk),
Ride On Smoothie & Juice Bar,
Cafe Ritz,"[11, 26, 61, 249, 282, 407, 547, 562, 610, 690, 811, 948, 1026, 1107, 1375, 1399, 1442, 1544, 1739, 1987, 2126, 2304, 2352, 2508, 2520, 2573, 2615, 2629, 2697, 2709, 2721, 2725]"
Andes Cafe,[1828]
Stesti Beer Garden,
IL Forno Italiano,
Shugrue's Restaurant and Brewery Group,
Tortillas Carolina,[1353]
Jimmy's Main Street Grill,[588]
Caf√© Zuzu,"[365, 1325, 1375, 1533, 1940, 2573, 2721]"
River Birch Lodge,[515]
Imperial China Watford,
North Shore Inn,"[52, 829, 1978]"
Stonehouse Supper Club,
Lucky Slice Pizza - Logan,
Monkey's Bar & Grill,
Bell's Drive In,
Sidelines Steak & Sports Bar,
Trinidad tropical sno,
Lilico's,
inka grill peruvian cuisine,
Basmati,
Rusty Cup,[962]
Michael's Deli & Seafood Brunswick,
Kaminsky's New York Deli,
Tuckaway Cafe,
J J's Diner,
Apsara Coffee,
"Flourish Nurturing Body Therapy, Wendy S. Klebs, CMT",
Pick O' Deli Cafeteria @ Riverside,
Uncle Nolan's Diner,
Gusto - Ristorante Italiano BYOB,[2277]
Violet‚Äôs Cafe,
Tom's Burgers 25,[1239]
Tea House 650,
KZ CRAWFISH,[2108]
Guerrilla Grill,
Seoul Food,
Comida De Cuaresma,[1917]
Farmer's Pick Caf√©,
Urgent Care Clinic,
Shin-La Restaurant & Sushi Bar,
Lin Bo Chinese Restaurant,
A Bar 3H Ranch LLC,
Wyland,
Santa Fe Cafe Restaurant,
Berwick Garden Centre,
Old Southwest Social House,
Jempson's Cafe,
McDonald Agency,"[1522, 1993, 2309, 2590]"
Ziggy's BBQ Smokehouse & Ice Cream Parlor,
Rabbani's Indian Restaurant,
Pyramid's Lounge and Catering,
Glacial Till Cider House & Tasting Room,
Notting Hill,
Playoffs Sports Bar,
Lazy H Soda Barn,
Neath Market Curios,
K11 Restaurant & Bar,
dark corner coffee,
Emelio's Restaurant,
Whizzerville Hall,
Pollard's Bar-B-Que,
Sweet Home Saloon & Grill,"[2203, 2450, 2487]"
West End Curry House,
Redland's Pizzeria,
Dorset House Family Restaurant,
Havana Libre Cuban Cuisine,
Olivers Restaurant & Function Suite,[2785]
The Clamdigger,"[92, 532, 537, 734, 789, 2385]"
Sidestreet Grille & Pub,
Pho Vina Restaurant,[720]
Jerry's Juice Bar,
Lab'n Lager,
Aberdeen Art Gallery,
Espresso 22,[2759]
Salt Seafood & Oyster Bar,
Puffer's of Pismo,
Okie Pokii Cafe,[1002]
Summit Family Restaurant,"[572, 2643]"
Roll-N-Donuts Cafe & Douangchay's Kitchen,
Roswell Donuts And Breakfast,
Deluca's Pizzeria,
Wubba's BBQ Express,
Harvest Seasonal Grill - Lancaster,
Clockwork Cafe in Prospector,
The Argonaut,"[92, 480, 532, 584, 734, 789, 792, 1048, 1172, 1278, 1842, 2030, 2161, 2184, 2371, 2625, 2846, 2959]"
Chai Coffee Cafe,
Howard's Cenex East,[137]
Bayfront Lounge,
Stef's Pizza Zumbehl,
54th Street Scratch Grill & Bar- Shoppes of Culebra,
Fercott Fermentables,
Cafe Nexus,"[11, 26, 61, 249, 407, 547, 610, 811, 857, 1107, 1375, 1442, 1544, 1739, 1987, 2068, 2304, 2573, 2615, 2721, 2725]"
Willhoite's Restaurant,
Da Vinci Hookah Lounge & Bar Inc.,
T C's Country Kitchen,
Terra Cotta Coffee House,
Daramar's Pizza & Restaurant,
Casa Jardim,
Bang Bar Thai Restaurant & Lounge,
Toby Carvery Morecambe,
Fuentes Steak House,
Roma Pizza Franklinton,
Riverwalck Saloon,
Seven Hills Cafe on the Green,
Victoria's Country Diner,
Rusty Magnolia,[877]
Meze Mangal Restaurant,
Joe's Pizza and Sub,
Grupo Viviendo Sobrio,
Fun Days,
Mayeaux's Steak & Seafood Restaurant,
Gold House Pizza & Restaurant,
The Trillium Lodge,"[404, 698, 734, 789, 1489, 1624, 2017, 2232, 2331, 2863]"
Caithness Deaf Care,
Rowdy Hogs Smoke House and Grill,
Pinto Beans,
Covert Cafe,[851]
Antonia‚Äôs At The Beach Restaurant,
Tiger Lily Caf√©,
Andy's Pub,"[746, 2217]"
Dimitri's Caf√©,
Vivido Bar And Restaurant,
Victoria Road Post Office,
Labemi's Tavern & Restaurant,
Vietnamese Sandwiches & Noodles,[1821]
Detroit Lakes Corner Market,
Rio Blanco Family Restaurant,[1164]
J-Bar Auto Inc,
Dr. Wendy Lorenzen,"[464, 1827, 1852, 1994]"
Dunkin‚Äô & Baskin-Robbins,
Tinnie Silver Dollar,
Lihoudies Authentic Greek Cuisine & Bakery,
Lavender Fields,
Guapas Mexican Grill,
Angels Italian Restaurant,[292]
Wilson Creek Gardens,
Molly's Caf√© Bar,
Heritage Hotel - Lancaster,
Wolfie's Restaurant,"[715, 774]"
Market Bistro,"[676, 2760]"
Nutrition Bar,
Cafe Blue Dream,"[11, 26, 143, 249, 282, 407, 547, 562, 811, 1001, 1375, 2016, 2068, 2159, 2573, 2629, 2721, 2725]"
Paper Duck Buffet,
FlamentCo Frozen Foods,
Cafe La Llave,"[11, 143, 200, 249, 407, 547, 610, 998, 1375, 1399, 2159, 2304, 2520, 2615, 2709, 2725]"
Okie J's,[933]
Descanso Restaurant,
OZORA TRUCK STOP CAFE,
Carol's Place,[2746]
Unique Bite Eatery,
Boscawen Street,
Lasse's Restaurant,"[1331, 2262]"
MUMMY CAFE,
Wendy Massa - Keller Williams Realty,
Captain's Table Fish House Restaurant,
Wildlife Safari,"[285, 1927]"
Subway Outbound,
Soltane Cafe,
A J Family Restaurant,
Miranda's Cake House and Cafe,
Seiad Cafe,
The Nook Artisan Gelato,"[37, 55, 89, 334, 854, 1209, 1699, 1858, 2498, 2980]"
Tataki Sushi Bar,
Club House Grille,
Fare and Just Kitchen,
El Antro Bar,
7 Star Wings Restaurant,[663]
Luv 2 Play Appleton,
CowHaus Coffee Company,
Cafe Aina Restaurant,"[11, 26, 547, 783, 857, 1107, 2352, 2629, 2685, 2721, 2725, 2776]"
5palmas,[1128]
Bar none dairy,"[849, 1059, 1311]"
T & D's Grill,
Brown House Cafe,[764]
Wake Up Marco,
La Bahia Restaurant,[2493]
Chicago,
Watsonburger on Morton Street,
La Jefas Shack,
Poppyseed Market,
A Farm Pizza ( Torquay),
That'sa Pizza: Long Lake,
Valenzuela's Cafe,
I Heart Mac and Cheese Benton,
Toast Red Bank,
Loon Cafe St. Paul,
Mi Mexico Lindo Tienda y Taqueria,
Sixfields,[212]
White Pine Pizza 2,
Royal Thai Cuisine Express 89,
Atlantic Community School Cafeteria,
The Taste,"[239, 284, 480, 519, 537, 687, 734, 789, 807, 941, 1173, 1205, 1240, 1276, 1278, 1313, 1333, 1397, 1419, 1459, 1505, 1610, 1649, 1658, 1674, 1842, 2027, 2090, 2125, 2144, 2161, 2180, 2184, 2188, 2229, 2242, 2250, 2315, 2347, 2371, 2723, 2846, 2882, 2906, 2910, 2914, 2925, 2935]"
Sweet Magnolia Cafe,"[2203, 2487]"
Carbonero Rotisserie Charbroiled Chicken & Steaks,
Becca's Sweet Tooth,
Whitley bean,[1963]
Weezy's,
The Bunker Hill Rock 'N Pizza,"[1206, 1374, 2089, 2094, 2175, 2499, 2973]"
Dean's Garden Centre,
The Infusion Cafe,"[50, 140, 156, 511, 765, 789, 852, 1172, 1505, 1610, 2090, 2144]"
Chryston Cafe,[1122]
Bear Creek Marina & Restaurant,
Bar 90,"[41, 557, 815, 849, 1028, 1170, 1199, 1311, 1386, 1458, 1592, 2152, 2319, 2564, 2657]"
Caffeine Machine,[338]
I Am Frozen Dessert Cafe,
Yummi Yummi Mongolian Grill & Sushi,
LEON Oxford,
The Sports Corner Bar & Grill,"[480, 1200, 1206, 1374, 1490, 1497, 1765, 2027, 2135, 2175, 2909, 2973]"
Urban Brews & Creamery,
Berean Bean,[1418]
Molinos Coffee,
Easy Egg Cafe,
Macs & Stacks - North Little Rock,
Comma Coffee,"[177, 1998]"
The Tiny Pony Tavern,"[110, 717, 789, 1847, 1858, 1921]"
Kick Switch Bar And Grill,
Hank's Bowl Inc Lounge and Restaurant,
Copperbarn Coffeebar & Eatery,
Big Rock Pizza Co.,[346]
83 Diner,[651]
Reba‚Äôs,
Daddy B's BBQ Okmulgee,
Papo's Cafe,
Wacky nachos,
HoneyFish Apple Valley,
El Kanelo Mexican Restaurant & Bar,[1303]
Jonny's At Oak Tree,
Kerbey Lane Cafe - Northwest,
Shop At the Top,
Bailey's Smokehouse,
The Wydown Coffee Bar,[2331]
G√ºll√ºoƒülu Baklava & Cafe,
La Chingada Restaurante y Carniceria Mexicana,
Wok Inn,
Hate Burger,
ATM (Morrisons Horndean),
The Best Hummus Ever Co.,[2360]
Real Estate Cafe LLC,
Marble House Coffee,
Spare Time Texas,
Scooter‚Äôs Fish Haus,
Jimmie Kramer's Peanut Bar Restaurant,
Little Pig,"[779, 1584]"
Hey Hey Bar & Grill,[2354]
Asian Taste Lee,"[1179, 2970]"
Great Lakes Grill,"[580, 1986]"
Nawab,
Taqueria lo que sea,"[254, 372, 679, 843, 1686, 1691, 2118, 2248, 2482, 2684, 2985]"
Yau's,
Santo Burrito (Inside The Smoked Jalapeno),
Cafe Pinar,"[11, 26, 61, 249, 407, 547, 562, 610, 857, 948, 1026, 1375, 1399, 1442, 1544, 1739, 1987, 2016, 2126, 2304, 2352, 2508, 2520, 2573, 2615, 2629, 2709, 2721, 2725]"
Turn Grill,
Uncle Mike's Corner Pub and Grill,
Slapsticks Cue & Brew,
Outer Bar & Grille,
Maria's Taco Shop Pahrump,
Anderson Family Coffee,[1965]
Bamberg House of Pizza,
Girvan Pizzeria,
Nia's Towne Square Restaurant,
Mutha Stuffers,
"Squires Cafe & Restaurant, London",
Rockin' S Bar & Grill,[1744]
Giordano's Pizza House,
Bar/Nun Lawncare and Handyman Services,
Chrysocolla5150,[1057]
Stimulus Coffee + Bakery,
Louis Family Restaurant,
Willows Bar,
Marroquin Restaurant and Tortilla Factory,
The Farmhouse at Turkey Hill,"[1309, 1693, 2067]"
Palmer Foodservice,[1027]
Bistro 221,"[1428, 1905]"
Ashley Phosphate Rd/ Dorchester Rd,
La puerta del sol,
El Tejano Restaurant,
Castle of Comfort Hotel & Restaurant,
The Abundant Harvest,"[348, 789, 2030, 2498, 2603, 2806]"
Don Tequilas Mexican Grill,
Coffee N cream,"[63, 223, 563, 723, 1188, 2634]"
Boccattas Bistro & Coffee Shop,
Surfside Coffee House,[2791]
STEELY NEVADA'S BAR & LOUNGE,
Chu Hoi,
THE CRACKED CUP LLC,"[789, 1355, 1360, 1931, 2115, 2331, 2347]"
Kegler's Restaurant,
Manny's Cucina Napoletana,
Wendy's Wonderful Cleaning,"[1580, 1714]"
Dolly Down Grill,
The Depot Grill,"[247, 404, 652, 734, 789, 807, 2385, 2499]"
Lj's Neighborhood Bar & Grill,
Sid Harvey's Family Diner,
Prezzo Italian Restaurant Uxbridge,[1237]
Barnes & Noble College at CCBC Catonsville,
Sweet Waters Family Restaurant & Lounge,
Great Harvest Bakery + Caf√©,
Players Park Family Fun Plex,
Hibachi Steak House & Sushi Bar,[2366]
Hog Rock Cafe,
Mazaydar,
Bei Jin Restaurant,
Biff's Kitchen,
Bright Star Restaurant,
Pinecrest Restaurant,[2141]
The Sweet Petite,"[239, 511, 699, 789, 1313, 1610, 1658, 1726, 2125, 2385, 2400, 2897, 2906, 2925]"
Shokey's Country Kitchen,[1903]
Billy Sunday's Sports Grill,
Rio Blanco Cafe,[983]
Gatto's Italian Restaurant and Bar,
Moonshine Gulch Saloon,
Moreland Center Cafe,
Anna's Cocina & Tequila,[1709]
Stella's Cucina,
barbecue.,"[815, 849, 1059, 1311]"
Richmond Park Bar & Grill,
The Front Cafe,"[91, 140, 174, 451, 584, 699, 789, 792, 941, 1056, 1437, 1459, 1564, 1712, 1921, 2039, 2144, 2344]"
The Turks Head,"[652, 789, 807, 1048, 1649, 1658, 1712, 1842, 2161, 2242, 2591, 2906]"
Greys Cafe,
Cue Club Cafe,
T's Crawfish Trap,
Potter's Restaurant & Lounge,
Thyme & Place Cafe,
Asian Fusion Buffet,"[1101, 2970]"
Jamaican Flava Caribbean Cooking LLC,
Emporium Cafe,
Killbuck Inn,
Hayat,
The Woodhey Restaurant,"[1562, 2030, 2125, 2331, 2603, 2806, 2867]"
Beezoo Coffee,
Schmizza Public House,
Moathouse Bakeaway & Coffee Co.,
Coffee London,"[63, 223, 563, 723, 1136, 1613, 2072]"
Coffee#1 Southsea,"[563, 723, 2072]"
Sapphire Kitchen & Bar - Leicester Restaurant,
Floozies Pie Shop,
Chilis Indian Restaurant,"[2087, 2643]"
Portum Restaurant and Lounge,
PieZano's Pizza,
Lil'B Coffee Bar & Eatery,
Enigma Jalisco,
Loaded Cafe Restaurants Gardena,
Kappa,[513]
Bar Six Sandbach,"[849, 1059, 1311]"
The B.T.C. Old-Fashioned Grocery,"[275, 420, 432, 615, 1206, 1696, 1699, 1822, 1941, 2027, 2175, 2421, 2500, 2614, 2642, 2817, 2867]"
Rolaz Taqueria,
Amigas Burritos & More,
Ichiro üç£ Sushi & Teriyaki üçô Restaurant,
K T's Snack Bar,
The W.A.V.E,"[687, 789, 1048, 1240, 1276, 1397, 1459, 1649, 1674, 1921, 2090, 2144, 2180, 2229, 2250, 2315, 2846, 2923, 2935]"
The Parlor Nail & Beauty Bar,"[144, 1054, 1064, 1200, 1490, 1964, 2135, 2424, 2500, 2973]"
Rodeo Mexican Restaurant Lake Park,
Downtown Grill,[1920]
The Melting Pot Restaurant,"[369, 406, 420, 502, 1018, 1309, 1699, 1765, 2067, 2135, 2571, 2806, 2973, 2980]"
Asda Linwood Superstore,[1589]
Pearl River Beccles,
La REGIA Deli And Restaurant,
Caffi Calon Lan,
Hyatt Place Canton,
8 roses eatery,
White Cloud Eagles #4170,
"Holiday Inn Detroit Lakes - Lakefront, an IHG Hotel",[2472]
Ice House Restaurant,
The Amherst Corner Restaurant,"[25, 535, 1286, 1322, 1574, 2542, 2571, 2878]"
Andrea's Mexican Restaurant,[561]
Silver Dollar Chuck Wagon,"[201, 210]"
Dipper Ice Cream,
Soroba House. Bar & Restaurant,
PROVIDER Coffee & Cocktail Lounge,
Starbucks Sutter Point Plaza,"[619, 1623, 1946]"
Lake City Perk Espresso,
The Chapterhouse Cafe,"[37, 751, 1301, 1498, 1922, 2102, 2115, 2424, 2591, 2947]"
Daily Treat Restaurant,
Knotty Pine Bar & Grill,
Sunday,[2302]
Cuppa Jones,[1567]
Shan Kishi,"[579, 1700]"
Fabulous Pho Vietnamese Restaurant,
Artisans Books & Coffee,
Agave Taqueria,
Honey Moon Mead & Cider,
Prezzo Italian Restaurant Reading,[1149]
Squire‚Äôs Garden Centre,
Tom's Burned Down Cafe,[888]
The Baked Bean,"[91, 348, 789, 1048, 1173, 1205, 1416, 1459, 1649, 1658, 2498]"
"KML Enterprises, Inc. dba McDonald's",
Perkins Road Overpass,
Camelot Park,
Seaside Raw Bar,
Sue Bee Cafe,[320]
Chamo Arepas,
Mr. G's Pizza - Diamond Bar,
44 Canteen,
LT Burger,
Babylon Fish & Clam Restaurant,
Hugo L. Black United States Courthouse,
The Old Goat Tavern,"[217, 662, 789, 1489, 1624, 2331, 2863, 2923]"
Southwood Restaurant & Venue,[2948]
Touch of Italy Restaurant,
Amore Italian Restaurant - Aberdare,
Big Papa's PhillyCheesteaks & more,
La Bamba Mexican Grill & Bar,"[463, 2777]"
4th on Main,
Le French Denver,
Three Witches Tearoom,
Woody'z Bar & Grill,
Moy's Dynasty Restaurant,
El Sazon,"[437, 1816, 2999]"
8 Sisters Bakery & Cafe,
Windy's Pet Parlour,
Frisby's Restaurant,
Spiritwood Resort,[542]
Old New York Deli & Bakery Co.,
Sky Acres Airport -44N,
Rumor's Liquor & Lounge,
Dairy Keen,[1863]
Wuollet Bakery & Coffee,
C & D Drive-In,
NAIC Caf√© - Starbucks - We Proudly Serve,
Gorge Restaurant & Lounge,[1296]
The Salt Cafe,"[140, 239, 284, 315, 519, 532, 537, 687, 789, 836, 1048, 1205, 1278, 1313, 1333, 1397, 1459, 1649, 2090, 2144, 2180, 2184, 2229, 2347, 2371, 2906, 2910]"
Mag's Cafe,"[179, 743, 1430]"
The Arlington,"[37, 315, 532, 734, 789, 941, 1048, 1624, 1842, 2180, 2184, 2344, 2371, 2846, 2863, 2959]"
Triple P Barbeque,[2113]
j&j juju,
Aldea Coffee - Muskegon,
Lahori Kabab Restaurant | Harrisburg,
Woody's Pizzas Barrhead,
Bombay Sweets,
Angry Garlic,
The BEAN on 41 TRUMPYTOWN Coffee Shop,[1219]
Aloha Lanai Cafeteria,
Zamani's Restaurant,
Centre Caffe,"[47, 1743, 2356]"
Heirloom Taco,
PS Drag Brunch,
What About Kabob & His Gyros,
Ying Wah,
The Boat House at Millens Bay,"[1822, 2330]"
Ten Sleep Saloon & Steakhouse,
Ma'kai Restaurant & Lounge,
Lincoln High School,[1518]
Players Sports Bar & Grille,[1345]
Colatina Exit,
313 Franklin - Cocktails and Kitchen,[2364]
The Red Cup Espresso,"[303, 789, 1227, 1505, 2102, 2360]"
Senor Fox Mexican Restaurant,
El Tepame Mexican Restaurant,[1082]
MCL Restaurant & Bakery Arlington,
Sushi A La Hattori,
Naples Costa Verde Peruvian Restaurant,
Mi Gusto Es (Taco Truck),
Swagat Indian Sweets & Restaurant,
The Marsh Mills Beefeater,"[615, 1127, 1209, 1508, 1672, 2806]"
Ciber 3G,
Bar 270,"[41, 557, 815, 849, 1028, 1059, 1170, 1199, 1386, 1458, 1592, 2152, 2319, 2564, 2657]"
Clarence's Steak & Seafood House,
The Skillet Cafe,"[64, 140, 284, 315, 734, 765, 789, 836, 1048, 1276, 1355, 1658, 2229, 2347, 2906]"
Tony's Japanese Restaurant,
Gylly Beach Cafe,
Tomaso's Canteen,
The Buffalo Tavern,"[334, 404, 584, 789, 1902, 2039, 2128, 2959]"
Salt & Barrel,
Becca's Backwoods Bean Coffee Shop,
Groovy Goat,
Shhmatty‚Äôs ‚ÄúBurgers & Dogs‚Äù (Inside the Chevron),
The Carre Arms Hotel & Restaurant,"[671, 1219, 1497, 1574, 2049, 2878, 2952]"
Tour & Taste Restaurant,
Visocchi's Cafe,
Caf√© 76,"[11, 287, 365, 547, 864, 1528, 1533, 1940, 2156, 2201, 2412, 2725]"
El Menurrito,[2890]
FASS Unmanned Petrol Station,
BJ's Diner,
Highland Cinema,[2307]
DCC Cafe,
Ollie`s Restaurant,
Lynn Britt Cabin,
The Book Caf√©,"[43, 284, 519, 687, 789, 1048, 1459, 2322, 2723]"
Mountain Rest Cafe LLC,"[68, 489]"
Apong‚Äôs Philly Steak,
Tambayan Restaurant,
Thirsty Arrow Bar and Grill,[2963]
Pirate's Well Restaurant & Bar,
Miramar Biky Backery,
La Flor De Michoacan,[2804]
Miss Kathy's,
Big Whiskey's American Restaurant & Bar Tulsa,
Siberia Bar & Hotel,
Mollie‚Äôs Takeaway & Diner,
Players Club Bar & Grill,[1298]
King Pho Vietnamese Kitchen,
Quickly Cafe,
Aloy Aloy Thai Cafe,
Charm Thai Cuisine,
Wolds Way Cafe,
HonduMex Restaurant,
Blue Bay Asian Cafe Denver,
Tortilla Caf√©,[862]
Las Morenitas,
The Charles Dickens,"[64, 315, 537, 699, 717, 789, 1313, 1436, 1562, 1610, 2331, 2347, 2882]"
Parson's Steakhouse,
Day & Night Market,
Bbq'd Restaurant,
River's Edge Grille & Tavern,
The Temperance Club,"[789, 1390, 1564, 1902, 2115, 2128, 2475]"
Roys Pioneer Club,
Waffle Cabin @ Killington - Bear Mountain,
Cajun Bee's,
Bigfoots Bar and Grill,
Sugarbird Sweets Cafe - Montrose,
China inn cafe,"[279, 2158, 2192, 2271, 2464, 2550]"
One Iron Bar,
El Comal Cocina y Cantina,[380]
Innova Coffee,
Show Pigeon Coffee,
BENTO Tallahassee,[24]
Sucre Cafe,
Ness' Cafe,"[179, 236, 743, 1277, 1430]"
The Tiki Bar on Seneca Lake,"[43, 55, 275, 535, 1054, 1064, 1497, 1696, 2038, 2973]"
Cafe Hue,"[11, 26, 61, 143, 200, 249, 282, 283, 407, 547, 562, 610, 690, 811, 857, 864, 948, 998, 1001, 1107, 1399, 1442, 1488, 1544, 1739, 1987, 2016, 2068, 2126, 2159, 2304, 2352, 2508, 2520, 2573, 2615, 2629, 2685, 2697, 2702, 2709, 2721, 2725]"
Margarita‚Äôs Latin Soul Food,
Chow Mein Express,
"Dr. Thomas J. Duncan, MD",
Soul food shack,
Tamp Arkansas,
Canterbury Royale Gourmet,
Tannourine Restaurant,
Schooner Inn Cafe,
Otter Outpost,
Barry's Old School Irish,
Bar Tree Apartments,"[849, 1059, 1311, 2564]"
Peabody's Pizza Company,
Ivy Farm restaurant,
Crown Lodge & Restaurant,
The Nomad Food Truck,"[560, 717, 789, 1360, 1564, 1858, 2331, 2498]"
Main Street Deli & Cafe,"[21, 423, 1839, 2112]"
Seeboth Delicatessen,
Tramonti,
Revelation,[647]
Elephant Cafe,
Mickies restaurant,
The Castaway,"[92, 105, 239, 284, 480, 519, 537, 652, 687, 789, 1048, 1205, 1276, 1459, 1649, 2090, 2144, 2229, 2250, 2315, 2347]"
Martini's Kzoo,[2874]
Cafe Via Flora,"[11, 26, 61, 143, 249, 283, 407, 547, 562, 610, 690, 811, 857, 1001, 1107, 1375, 1442, 2016, 2126, 2159, 2508, 2520, 2629, 2697, 2709, 2725]"
Cornmarket Cafe,
Totem Cafe,
Odessa,
Mushers Cafe,
Domenico's Pizza,
Shake-It,
Tap Tea Bar Pointe,
Morrisons Daily- Collingwood,[523]
Tims Bar and Grill,
The Bears' Den at Hershey Lodge,"[25, 671, 1497, 2867]"
Seafood Ecosse,
Hoops Inn & Country Hotel,
"Bagels & Brews, LLC, Sesser, Illinois, USA",
Five Guys Norwich,"[2529, 2916]"
Arabica Coffee Crawley,
Table 57,[714]
The Bar'N And Grill,"[110, 156, 698, 789, 1240, 1317, 1562, 1624, 2128, 2232, 2331, 2638, 2882, 2923]"
Tiny's Burger Barn,
Berta's Cafe,"[301, 456]"
The Rusty bike Cafe,"[348, 789, 1048, 1610, 2128, 2906, 2910]"
The Blue Mug Coffee Bar @35th,"[156, 1822, 2502]"
Jane's Coffee House,[530]
KFC Bangor North Wales - High Street,
Nick's Sports Grill,
NY Korean BBQ Restaurant,
Momiji Sushi & Grill,
Niblick Restaurant & Lounge,
Primanti Bros. Restaurant and Bar Johnstown,
Biltmore,"[1129, 1905]"
Butch's Diner,
Dot's Cafe,[179]
Old Burdick's Bar & Grill at Wings West,
Mojo Asian Cuisine & Sushi Bar,
Kyoto Teriyaki Restaurant,
Topshelf Pizza & Pub,
Bonzer's Sandwich Pub,
The Incredible Chefs,"[789, 1355, 1562]"
The frozen palm tree,"[25, 662, 789, 1172, 1858, 2344, 2625]"
Flightline Cafe,
East Gourmet Restaurant,
Elias Pizza & Restaurant,
Flanagan's Pub,
Cafe Savini,"[11, 61, 143, 249, 407, 547, 562, 610, 857, 948, 1107, 1375, 1399, 1544, 1739, 1940, 2068, 2126, 2352, 2508, 2520, 2573, 2615, 2685, 2721, 2725]"
Common,[1998]
Beautiful Meanings Beauty Bar,
Sam & Doms Bar & Grill,
MyMakan (formerly Kuala Lumpur Malaysian Restaurant and Bar),
Birrieria Los patroncitos,
Caribbean Island Cafe,
Unique Taste Haitian Style,
The Beauty Bar Starkville,"[1696, 1822, 1941, 2973]"
Apedale Heritage Centre,
Cobblestone Pizza Co,
Brazilian Bakery Cafe,
Bottoms Up Restaurant and Pub,
New York City Sub Shop - Jackson Hole,
Mason's Bar and Grill,[2041]
Da Vinci Restaurant Pizzeria,
Barley Coffee Cafe,"[849, 1059, 1311]"
The Bayou Cafe,"[519, 687, 789, 1048, 1172, 1205, 1276, 1333, 1397, 1649, 2144, 2322]"
Carmalt,"[2260, 2675]"
Chaat N Dosa - Frisco TX - Pure Vegetarian and Vegan Restaurant,
Pancho's restaurant,
William III Cafe,
Courtyard Mimosas,[2928]
The Kingfisher Cafe at Castle Espie,"[635, 1696]"
Sassafras Harbor Cafe,
Tacos Mexico and Texas Grill,[1746]
Ruby's Roadside Grill,[2833]
Pi Local,
Yellowjacket,
Howe Leslie M,
Pizza Peepers,"[2093, 2956]"
Peregrine Espresso,
Kim's Place Cafe,
Chinese food (Hong kong chef v),
Island Root Kava Bar Stuart,[531]
Joe K's Restaurant,
Pollo Encantado Food Truck,
FROTH,[1753]
Tropical Rhythm Island Restaurant,
Charlie McDonald Photography,[454]
Wendy's Art and Frame Shop,"[524, 1144]"
Egbar Coffee Company,
E3 Cafe,[845]
Vito's Pizza & Grill,[1705]
Morgan's Restaurant,
Cover Two Sports Cafe,[851]
Cafe Canna Buzzz,"[11, 26, 547, 1375, 2573, 2725]"
The Old Grist Mill,"[217, 404, 698, 789, 969, 1252, 1416, 2232, 2331, 2638, 2863]"
The Sapphire Salon & Lash Bar,"[25, 144, 1064, 1200, 1206, 1497, 2135, 2175, 2930, 2973]"
Mac Tabby Cat Cafe - Charlotte,
Agave Plaza,
Francine restaurant,
El Barquito Restaurant,[2420]
Swings-N-Things Fun Park,
Chicorys At The Palace Cafe,
The Shop by Island Creek Oysters,"[1064, 1374, 1409, 1490, 2056, 2987]"
The Garage Coffee Shop,"[1227, 2115, 2923]"
Cultiva East Campus,
Chaigon restaurante,
Fork & Compass,
Arcana Bar and Lounge,
Birrieria Matador,
Stay Golden,
The Rose House,"[239, 303, 424, 509, 789, 836, 1048, 1056, 1173, 1301, 1604, 1712, 1725, 1822, 1842, 2090, 2125, 2178, 2803, 2906]"
"Tugger‚Äôs, Brian‚Äôs, and Trisha‚Äôs Cafe and Catering",
Leo's Sub Shop,
The Blacksmith's Coffee Shop,"[424, 517, 1309, 2404]"
Kantina Restaurant,
Allegro Restaurant,
Doozys,
Royal Lodge,"[2213, 2460]"
Feddix Deli Kitchen,
Andy's Grill and Recreation,[2217]
LUNA Kitchen & Cocktails,
Milford Pizza Palace,[2120]
Travelodge Carlisle Central,
650 Lincoln,"[206, 1297]"
That Place Restaurant & Catering,
Mastrick Fish Bar,[2041]
Happy Tom's Restaurant,
McDonald Physical Therapy,"[904, 1538, 2309, 2590]"
2 Peaches,
Jolly Pumpkin Caf√© & Brewery,
Gold Coast Catering & Restaurant,
Savage Coffee,
Beach Side Caf√©,
Caf√© Pizzeria (For pizza & kebab delivery call 01279 641 411),"[365, 1325, 1533]"
SASHA CARIBBEAN RESTAURANT,
Umi Japanese Bar and Restaurant,
"165¬∞ Brew, LLC",
Thibodeaux's Cajun Food,
1871 Caf√©,"[11, 287, 365, 547, 864, 1325, 1528, 1940, 2156, 2201, 2412, 2725]"
La Jerezana,
Get stuff'd,[2936]
Meal of the Day Cafe,
Breedlove's Seafood,
"McDonald Property Services, LLC","[1522, 2309, 2590]"
Firehouse Subs Maison Market,[160]
Cumnock Factory Outlet,
Rancho Latino Lechonera-Restaurant,
Domino's Farms Office Park,[309]
Cherry Tree Bakery & Cafe,
Cafe 210 West,"[11, 26, 61, 143, 249, 282, 283, 407, 547, 562, 610, 811, 857, 948, 1107, 1375, 1442, 1739, 1987, 2126, 2304, 2352, 2520, 2573, 2615, 2629, 2697, 2721, 2725]"
S3 Coffee Bar,
La Casa Vicina,
Rosalee's Pizzeria,
Walk-On's Sports Bistreaux - San Antonio Restaurant,
Firewood Grill,
MyDesigner Studio Cafe,
MAC'S TREE SERVICE (Don McDonald),
First Glass Wine Bar,[1737]
Fazenda Rodizio Bar & Grill Liverpool,
Roger's Market,
CAMP Modern American Eatery,
Angel Falls Coffee Company,
M√©xican Deli,
PORT SUBS,
SQeZ,
Forbes Bar,
Drovers Restaurant,
The Jolly Sandwich Bar,"[247, 511, 596, 717, 836, 1355, 1416, 1436, 1726, 1858, 2017, 2030, 2125, 2232, 2331, 2680]"
Graham's Up In Smoke BBQ,
The Thurman Cafe,"[140, 156, 519, 532, 789, 1172, 1313, 1360, 1390, 1658, 1712, 2475, 2910, 2935]"
Las Hadas Bar and Grill,
Monaco Inn Restaurant,
Cup & Cone,[1231]
Rock Island Bar,[546]
American Bell Food & Spirits,"[754, 1906]"
"Bandana's Bar-B-Q Collinsville, IL",
Port Lounge & Smokehouse,
Thai Lanna & Sushi Bar,"[208, 298]"
ATM (Shell Ilminster),
The Mill Restaurant & Coffee Shop,"[369, 615, 1219, 1771, 2049, 2421, 2614]"
The Primitive Waffle Cav√©,
Rosearista Coffee Shop,
Markie's Pizza,[1398]
Lefty's Barbeque,
Heisler's Campground and Pub,
Wendys Cleaninig Service,[1144]
Dos Molinos Mexican Restaurant,[2053]
To Bros Burger,
Sweet Irene's Coffee,"[374, 1049, 2487]"
Little Poland,[1099]
Curley's On Cotton Lake,
The Pampered Beauty Bar,"[369, 2331]"
Shahenshah Indian Restaurant,
Model Tavern,
Asda Newmains Superstore,"[1210, 2544]"
Beadery Cafe,
Chilli Waves,
BARNYARD BBQ,"[849, 1059, 1311]"
JG Five Star Restaurant & Bar,
Naissance Cafe,
J & M's Hill Country Bar-B-Q,
"The Inn at Lander, Travelodge by Wyndham",
Harrison / Roosevelt (Mall),
Brigs at the Crossing Restaurant,
Black Rock Bar & Grill - Utica,[1984]
Slash X Ranch Cafe,
Huan Xi Chinese Restaurant,
little america restaurant and bar,
Benny J's Pizza,
The Shop on 2nd,"[789, 836, 1172, 1725, 1842, 2144]"
Bethel Fest Hall,
Double Dutch Pancake House,
Panda Garden Restaurant & Takeaway,
J & L's Pizza Korner,
Elk Creek Vineyards,
the Test Kitchen,"[239, 247, 511, 699, 789, 1048, 1056, 1313, 1355, 1419, 1564, 1658, 1725, 1726, 1902, 2897, 2906]"
Elevation Smoothie Bar,
Four Lands Bar,
Coffee Revolution,"[563, 723, 1188, 2072, 2634]"
Blue Ribbon Sushi Bar & Grill,"[388, 2173, 2656]"
Restaurant El Herradero,"[115, 467, 805, 2015, 2559, 2904]"
Principio Coffee,
Tito's Sloppy Doggs,
Blue Cotton Bake Shop,
Manzanita Market,
Palio Pizzeria,
Ideal Bagel Co,
B2 Bar and Grill,
Starbuck Waterfowl Production Area,"[1225, 1946]"
The Grill at Lisbon,"[43, 698, 734, 789, 854, 969, 1278, 1416, 1858, 2017, 2863, 2923, 2959]"
McMenamins Sand Bar,
One City Caf√© at Bishop Sullivan Center,
English Rose Tea Room,
Nash's Steak House,
My Place Sports Bar,
Lark Creek Restaurant Group,
B&A Paradise Pizzeria & Restaurant,
Apache Pizza Drogheda,
Tropical Birdland,
Roman Pizzeria & Restaurant,
Dolce Bagel & Cafe,
JoJo's Gelato & Grill,
San Luis Restaurant,"[1032, 2493]"
Jay Berry's Cafe,
Coghlans at Barningham,
Catanzaro's Pizzeria Cranston,[390]
Mountain 2 Island at the Rock House Marina,
La Michoacana #2,
Kona Coffee & Tea,
Capt Hirams Resort,
Mariachi Mexican Bar and Grill,
El Sabrocito Mexican Restaurant,
Fred's Lounge,[2516]
Flavors Restaurant & Lounge,
The Hay Shed,"[110, 284, 480, 537, 687, 789, 807, 1048, 1173, 1205, 1240, 1276, 1397, 1459, 2090, 2125, 2184, 2229, 2250, 2331, 2347, 2371, 2882, 2925, 2935]"
Buckeye Chocolate Caf√© Bainbridge,
Ginos Bar,
Philly Down South,
Rollin' with the Homies,
Rise And Shine Cabaret Cafe,
Sweet Bees,"[262, 374, 1736, 2203]"
Bubba's Southern Barbeque,
Back Forty Barbecue,
The Milkman's Bar,"[315, 404, 789, 852, 1048, 1173, 1240, 1564, 2180, 2242, 2347, 2499, 2914, 2935]"
Moe's To Go Sub Sandwiches,
Little Zoe's Pizza. Brick Oven and Take & Bake,
Open Space Cafe Theatre,
Chicken King #2,
Powerhouse bar,
Brunzies,
LaGrande Pizza,
Zerodegrees Microbrewery Restaurant Cardiff,
Yo Wild,
La Diferente,[75]
Fro Yo Cafe,[301]
Sol√© Grill and Sushi Bar,
Benny's of Simsbury,
The New Philly Family Bar,[369]
Trophy Racks Bar,
The Window,"[789, 836, 1048, 1205, 1725, 1921, 2180, 2250, 2499, 2846, 2914]"
Santa Rosa Mexican Restaurant and Bar,
Biggins Sports Bar & Grill,
Wildwoods Bar & Grill,[2273]
Morrisons Select - Kings Weston,
Rosario's Italian Restaurant,
Momma N.O. Cajun Kitchen,
TJ's of Edina Restaurant,
Mochinut Edmonds,
"Twin Lakes Creamery, Grill & Inn",
Beck's Express on Main,
Locanda Romana,
Taqueria Tatemados,"[254, 372, 679, 843, 1104, 1691, 2248, 2482, 2684, 2985]"
Nana‚Äôs Delicious,[2454]
Via Roma Pizzeria,
Horse & Cow Bar & Grill,
Cerealism,
Taqueria El Jefe,"[254, 372, 1104, 1686, 2248, 2482, 2684, 2985]"
L7 Bar & Grill,[2506]
The Southern Steak & Oyster,"[275, 496, 1127, 1209, 1941, 1964, 2067, 2806, 2867, 2973]"
Cucina Rustica,
Berties Music Bar,
The King's Seat Bar & Grill,"[89, 172, 348, 420, 854, 1200, 1374, 1465, 1822, 1941, 2027, 2038, 2135, 2680, 2973]"
"EVEN Hotel Sarasota-Lakewood Ranch, an IHG Hotel",
Chan's Inn Chinese Restaurant,[2415]
The 19th Hole Grill & Bar,"[55, 420, 854, 1018, 1200, 1209, 1562, 1822, 2094, 2909, 2980]"
Shan Kishi Japanese Hibachi,[1232]
B&B Caribbean Restaurant LLC,
Oasis Palace Restaurant,
Little Addy's Inc,[779]
B.C. Pizza Boyne City - North,
Vito's Pizza Shop,[1485]
DeJs Beauty Bar,
Brother's Bar,"[670, 1785]"
Viceroy Restaurant Stafford,
Anna's Country Kitchen,
Niagara Region Public Health,
Former McDonald's,
The Drugstore Cafe,"[91, 765, 789, 1172, 1173, 1505, 1564, 1842, 2125, 2315, 2331, 2910]"
Rodiron Grill,
Wendy Glaister Interiors,"[1144, 1580]"
Dobbies Cafe,
Falcon Center Dining Hall,
Mezcal Bar & Grill,
Nicolet Beach Snack Bar,
Namaste Nepalese and Indian Restaurant,
Enchanted Cakes & Coffee House,
Chip's Shrimp & Fish Shack,
JJ's Meat Shak,
Big Dog (Food Truck),
Chambers Steakhouse,
The Discovery Inn,"[110, 247, 789, 807, 852, 1505, 1604, 1610, 1674, 1726, 1921, 2125]"
The Witches Brew,"[511, 699, 789, 1562, 1658, 1725, 2090, 2315, 2385, 2897, 2906, 2959]"
Randville Bar & Grill,
BEIRUT RESTAURANT,
Himalayan House - Nepalese/Indian Restaurant,
Papa bear grill,
Brownie's Hamburger Stand,
Taco Bell (Mall Food Court),[473]
"1st Look Realty, Inc",
Ty's Food & Spirits,
Fillings Road Cafe,
Sweet Cafe & Bakery,"[374, 1655, 2203]"
First Light,"[1552, 2862]"
Orient Express Webb City,
Cafe Ma'kai,"[11, 26, 61, 143, 249, 282, 407, 547, 562, 610, 690, 857, 948, 1107, 1375, 1442, 1544, 1987, 2126, 2304, 2352, 2573, 2615, 2709, 2721, 2725]"
Manchot Tapas Bar & Restaurant,
Rustic Restaurant & Bar 9,
Antlers Pub & Grill,
Central Donut,"[47, 358, 1289, 2356]"
Rockport Bar & Grill,[1119]
Green Parrot,[643]
Taco's Mexican Restaurant,"[108, 1467]"
Caffi Maes Awyr Caernarfon/Caernarfon Airport Cafe,
Sajnaj's Buffet,
i.v. drip,
Arbil Restaurant,
Bay and Grey,
Bosque Brewing Co.,
Frothy Dog Coffee Company Rainsville,[1479]
Angaara Restaurant,[1510]
Pawpurr's Bar,
Jonestown Road at Burger King,
El Rey Crawfish & Oyster Bar,
Klatch Coffee San Dimas,
Alejandro bar and grill,
Sako's Pizza,[345]
Blue Star Live,
Alpina Coffee Caf√©,
Aunt Sally's Cafe,[599]
La Gastronomia,
The Source Lounge & Grill,"[172, 334, 420, 509, 1064, 1209, 1822, 2498, 2973]"
Woodstone Pizza,
Brielle's Bistro,
Frankie Rowland's Steakhouse,
Serrano‚Äôs Mexican Grill,
Theo's Coffee House,"[789, 1712]"
The End of the Line Restaurant,"[25, 1574, 2067, 2421, 2930]"
Five Loaves Bakery & Cafe,
Village Square of Fountain,
Golf Park Coffee Co. X FB,
Rock Bottom Tavern,[546]
Fusion Korean Restaurant,
Snappers Oceanfront Restaurant & Bar,
Adventures Bar and Grill,
Clearwater Cafe,
Number Four Sedgefield,[550]
Cielito Lindoo,[2852]
Svago Italian,
Akita Sushi & Hibachi Steakhouse,
MRH Calder,
3 Brother's Family Pizza,"[670, 1707]"
Los Ruize√±ores Restaurant,
B52 Bombers,
Park City Desserts & Coffee,
Beyond Brewed,[594]
Joes Place,
Grady V's,[2829]
Hewa Japanese Restaurant,[2701]
Still Vibrato Coffee Roasting,
Letty's Country Store & Cafe,
Leo's Homemade Ice Cream,
Peoples - Wendy's,
Safari Room,
Da HI Brew,
Tacos Calvillo,"[266, 597, 1854]"
Dougie Dan's Grill,
Jay's Village Cafe & Pizzeria,
Renaldo's,
Afghan Kitchen South Surrey,
Wilton Liquor Store,
Nip's Park Avenue Saloon,
Pulp Juice & Smoothie Bar - Ashland,
Blayzin's,
Safari Banbridge,
I Love Tacos Taqueria Restaurant,
Chubby's Cafe Vineyard,
Brackett Burger & Shake,
LA COURMET PIZZA,
Hallie Bar & Grill,
Ajida Mongolian & Ramen,
Groveland Hotel,
El Sabor de El Wichy‚Äôs,"[437, 1263]"
Strizzi's Restaurant - Pleasanton,
Jenny's Fried Chicken,
Langley Wendy M,
Minnesota Landscape Arboretum - Advance Reservations/Tickets Required,
Vietnamese Cuisine & Sushi,[981]
The Boat House Bar & Grill,"[172, 420, 509, 1200, 1294, 1420, 1450, 1505, 1696, 1699, 1765, 1941, 2067, 2094, 2135, 2155, 2973, 2980]"
Hebrews Coffeehouse Magnolia,
Divine Merci Restaurant,
Party Fowl Murfreesboro,
Yasmins Restaurant and Takeaway,
"Dr. Wendy M. Book, MD","[985, 1852]"
Dana's Cafe,
Mamma's Pizza & Subs,
37 Cedar Restaurant and Bar,
Shells diner,[1966]
DongSin,
Wholly Cow Burgers,
Lighthouse Inn & Restaurant,
C. Knight's Steakhouse,
International Dog House,
Tree Country Bistro,
P & L Sammich Barista,
158 Main,"[21, 423, 1391, 1871, 2112]"
Restaurant Pizza Works,"[2015, 2904]"
Vista Beauty Bar,
The Arnold House,"[404, 537, 734, 789, 807, 836, 941, 1048, 1173, 1278, 1505, 1604, 1712, 2347, 2499, 2882]"
Johnny's Little Bar,[2092]
Lagoon,
La Taza Cafe & Bakery,
Rumor Has It... Pub & Grill,
The Riverfront Bakery,"[348, 1071, 2680]"
Paula'z,
D'Agostino's Navajo Bar & Grille,
Horseshoe Curve Restaurant,
Smokey Bear's BBQ & Grill,
Dr. Wendy Johnson,"[464, 985, 1827, 1994]"
Juicy's Soul Food Cafe,
Tacos El Charro,"[266, 473, 597, 1799, 2668]"
Spanglish,
Stonewall's Tavern,
Tex Reds Solo Cup BB-Q,
The Northern Point,"[511, 698, 705, 717, 751, 789, 854, 1018, 1071, 1317, 1390, 1416, 1437, 1562, 1624, 2232, 2475, 2625, 2638, 2863]"
Bantam Pizza & Restaurant,
DBC Bar & Grill,
"Capt'N Pete's Dairy Dock, LLC",
Behnke's Bucksnort Resort,
Dairy King-Hurdsfield,[1271]
Pizza Company,[2093]
Donnie Russell's Pic III,
Amici at The Falls,[2151]
Terries place,
Karvelas Pizza Co. Lagrange,
"Dr. Lounis Fabien, DDS",
Amerikanos Grille,
Mainha,[1839]
AWAREmed Johnson City Oxygen BAR,
Lucky's Burger & Brew,
TRESINI,
Eros Gourmet Pizza & Deli,
"Flory Restaurant and Caf√©, Bodmin",
Snowy Village Dessert Cafe,
Red Cardinal Desserts and Cafe,
Barista Parlor Marathon Village,
Silver Bullet Bar & Casino,"[210, 1221, 2050]"
Rainbow,
La Cocina de Alex,[2258]
Angelini's Ristorante Italiano,[292]
Chadwicks Pub & Sports Bar,
Downtown by Beer Tree Brew,
Riverbend Pub & Grill,[515]
Little Moon Cafe and Tea,
Maddi Mae's Caf√© & Creamery,
Elm Street Bakery,
Birch Tree Bakery & Cafe,
What‚Äôs Cookin‚Äô,[769]
Firehouse Subs Northwoods Crossing,
Joelle's Bakery and Cafe,
Cottonwood Bar,
Peter B‚Äôs Brewpub,
Prairie Grass Cafe,
Leola Pizza,
C Bar J,
PaPa's Place,[2168]
Simple Cafe & Juice Bar,
Bull & Dog,
The Trestle Club,"[156, 239, 584, 789, 1313, 1317, 1360, 1658, 1842, 2322, 2385, 2906]"
Gloria's Kountry kitchen,
Koko Bakery,
Bistro 26,"[1129, 1428]"
American Pit BBQ,"[1569, 2763]"
Mr. Wang's Chinese Restaurant,
√ñzg√ºr Turkish Restaurant,
Morel's Restaurant,
Experience Grand Rapids,
Exceptional Cafe,
Elif Restaurant Queens Drive,
Amiga Cafe,
Sara Restaurant,"[46, 636, 1358, 2416, 2564, 2691, 2851]"
DoubleTree by Hilton Hotel Springfield,
Whole Fried Chicken,
Comida boa,[893]
Stevie's Caf√© & Catering,
Rubicon Caf√©,
Downtown El Paso,[1208]
The Find,"[89, 110, 699, 789, 1071, 1172, 1205, 1674, 1725, 2188, 2250, 2344, 2499, 2914]"
The Pearl Street Pub,"[172, 406, 789, 1227, 2424, 2625, 2903]"
ChuanDe BBQ,
Sunrise Breakfast Tacos,[2492]
Kooks Restaurant,
Four Sea Restaurant,
Wild Fish Restaurant,[1012]
Ping Pong Soho,
Yeung Ho II,
Kalpakavadi Restaurant,
The Block Bar & Grill,"[43, 64, 140, 334, 765, 789, 1141, 2232]"
Diamond Den Nutrition,
Siesta Coffee,[669]
Paul's restaurant,[1956]
Portelli's Joe N' Dough Cafe,
Hana Teriyaki,
La Fiesta Mexican Grill,
Madison/Lincoln NE corner (Rosie's Cafe),
Boba V Cafe,
Caf√© Camino,"[61, 365, 864, 1325, 1442, 1533, 2201]"
The Sea Restaurant & Bar,"[37, 172, 369, 406, 496, 854, 1018, 1200, 1450, 1693, 1696, 1822, 1964, 2030, 2067, 2155, 2360, 2424, 2500, 2642, 2806, 2817, 2867, 2909]"
Mondo‚Äôs bar & restaurant,
Marinas Mexican Restaurant & Bar,
Marshallz Grill,
Buffet Malo Misto,
Starbucks International Arrival,"[619, 1225, 1623]"
Yalee's Asian Bistro,
Amp Coffee,
Old Detroit Bar and Grille,
A'Nets Katch,
Jimmy D‚Äôs Spaghetti Joint,
Danny's Seafood / Bar & Grille,
Village Donut Shop,
Kastore Restaurant,"[774, 1509]"
Best Bagel III,
Papi's Restaurant,[1934]
Safran Charcoal,
U Food Grill,
Curry Leaf,
Kr√ºg Corner Pub,
Two Friends Patio Restaurant,
Ling Ling Chinese Buffet,
White Bakery,[1052]
The Mane Studio & Beauty Bar,"[144, 275, 369, 1206, 1693, 1941, 2067, 2642, 2867]"
ANDERSON SERVICE,"[8, 1113]"
Shelton Vineyards,[1831]
Squam Lake Inn,
Espresso Yourself Coffee Shop,
LAMAESTRA COFFEE SHOP,
Yuan Fu,
Super Snack,[2103]
Hampton Inn Miami Airport East,
Los Panchos Restaurant Bar,
Plazita M√©xico Caf√©,
Java June's,
Back Draughts,[2727]
Europa Bar & Restaurant,
North China Restaurant,"[829, 867]"
Max's Seafood Cafe,
Mojo‚Äôs Restaurant,
Nashvilles,
Brent's Delicatessen & Restaurant,
Bass Lake Cheese Factory,
Black Bear Diner Suisun City,[205]
Wendy Goodwin Acupuncture Wendy Goodwin,
Great Plains Kitchen,"[580, 1102]"
Cafe 31 North,"[11, 61, 200, 249, 282, 407, 547, 562, 610, 690, 811, 857, 948, 1107, 1375, 1544, 1739, 2068, 2352, 2520, 2573, 2615, 2629, 2697, 2702, 2709, 2721, 2725]"
Romo's Mexican Resturant,[1992]
Strasburg Espress,
Soto Houston,
Seven Springs Farm,
Romo's Mexican Restaurant and Cantina,[1988]
MCDONALD'S FC,"[904, 2309, 2590]"
Dr Wendi Jones DC,"[985, 1852]"
Panaderia y Restaurant El Cafetal,
L L's Bar & Grill,[2458]
Grey Walls Hotel,
Command Coffee,"[1070, 1443]"
"Citizens Of Soho, A Breakfast Cafe",
Light of Asia,
Bean Wendy I CPA,[821]
Nick & Joan's Place,
Brioche Doree,
Casa del Lago Mexican Restaurant,
Chummy's Accessories,[2303]
Asian chili spot Chinese restaurant,
isi's Pizza,
Cardinal Spirits,
Plum Tomato Pizzeria & Restaurant,
Fried Rice 2,
Minerva Indian Restaurant Jacksonville,
Given Coffee Co,
Pig & Whistle Restaurant,
"Theo's Steaks, Sides & Spirits - St. Michaels",
1863 Restaurant,"[115, 467, 805, 1615, 1840, 2559, 2904]"
Cafe de Crepe,"[11, 26, 61, 143, 407, 547, 610, 690, 998, 1001, 1107, 1375, 1399, 2352, 2508, 2615, 2629, 2709, 2721, 2725]"
The Grille at Runways,"[105, 596, 734, 969, 1562, 1624, 2030, 2923]"
"Wendy Blymyer, DC","[119, 274, 465, 466, 479, 711, 2031, 2238, 2515]"
Waffle House #667,
Jetty Shack,
Edwards Right Price Market,[813]
Macdonald Berystede Hotel & Spa,[831]
Tony D's New York Pizza & Restaurant,
Tom's Pizza And Steak House,
Reef middle eastern restaurant llc,
Coldra Court Hotel,
The Last Call Bar and Grill,"[144, 432, 1048, 1064, 1200, 1374, 1696, 2038, 2135, 2642, 2973]"
Nutcracker Family Restaurant,
Cabana Mexican Bar and Kitchen,
The 69 Restaurant & Bar,"[37, 55, 369, 789, 854, 941, 1134, 1184, 1390, 1437, 1562, 1922, 1941, 2017, 2067, 2155, 2498, 2542, 2603, 2625, 2817]"
"Wendy Baumler, MA","[274, 465, 466, 479, 524, 711, 2018, 2238, 2515]"
Fog & Fern Coffee House,
Food Express Chinese Restaurant,
Aroma del Che... CAF√â,
Lost Brewing Co. Cafe & Craft Beer Bar,
Bunso Breads Bakery & Cafe,
Pizza Walla,"[795, 2391]"
The Kitchen Table Restaurant,"[25, 144, 535, 578, 1054, 1064, 1200, 1374, 1696, 2027, 2135, 2421, 2542, 2680, 2712, 2930, 2973]"
The Overflow Cafe',"[140, 156, 239, 584, 789, 1056, 1172, 1317, 2344]"
Bowdies Chophouse,
Mas,"[1456, 1520]"
AV Sushi Rolls and More,
Thai Diamond,
Kings Garden,
Cookies' 10 Pin,
Breakfast Club of Menifee,
Messenger House Restaurant,
RiverCity Grille,[515]
The Cherry Pit Cafe and Pie Shop,"[635, 1497, 1574]"
Silver-D-Bar Training Center,"[210, 1880]"
Good Grub BBQ,
Two Sisters Creole Kitchen,
Don Patron | Mexican Restaurant,[1581]
Verona‚Äôs Pizza Fairborn,
Mom's Savona Diner,
The Lake Placid Stagecoach Inn,"[141, 1497]"
Moose McGillycuddy's - Kihei,
Captain Pat‚Äôs Seafood,
Himalayan Flavor-Logan,
Broad Street Pizza,
85C Bakery Cafe - Sugarland,
Tshirts custom station,
Harvest Thyme Cafe,
Versailles Restaurant Cuban Cuisine,
Kos Pool and Bar,
Astro Burgers,
The Treehouse Restaurant,"[25, 37, 172, 174, 369, 578, 671, 1127, 1209, 1693, 1765, 1771, 1822, 1941, 1964, 2030, 2135, 2155, 2360, 2424, 2498, 2500, 2642, 2712, 2806, 2817, 2867, 2973]"
Cafe Nouveau,"[11, 26, 61, 282, 338, 407, 547, 610, 811, 948, 998, 1375, 1442, 1987, 2304, 2520, 2573, 2615, 2697, 2721, 2725]"
Murray-Aikins Dining Hall,
Society Table,
Delizioso Pizza,[131]
Coffee#1 Totnes,"[563, 723, 1188, 1189, 1613]"
Wendy's Custom Sewing and Embroidery,
Continental Market & Bistro,
Downtown Disney District,
louie's pizza express &Fry Chicken and fish,
Lou's Woodfire Pizza,
Troy's Fresh Kitchen & Juice Bar,
Italian Garden Restaurant & Cafe,
Splits Sports Grill & Bar,
Hu·∫ø B√°nh M√¨ & Ph·ªü Cafe,
Luchazie General Store and Restaurant,
Hicks Barbeque,
Fortune Buffet,
Una Vaina Bien Brunch,
Little House Cafe,"[779, 2465]"
Chile Verde Restaurant,[1192]
TOPS Friendly Market,
The Pakalachian Food Truck,"[406, 432, 451, 517, 687, 1054, 2424, 2502, 2882, 2973]"
The Watch House,"[140, 239, 687, 789, 836, 1048, 1056, 1205, 1276, 1397, 1505, 1649, 1726, 2347, 2591, 2910]"
"Chaotic Good: Coffee, Comics and Games",
Johnny's Place,"[333, 1843]"
Pizza sanremo,"[1472, 1864, 2978]"
The Lucky Pig Cocktail Bar,"[43, 172, 854, 1054, 1699, 1822, 2973, 2980]"
Ninja Girl Coffee Company,
Domino's Pizza - London - Chadwell Heath,
Austin Avenue Grill & Sports Bar,
Potteries Tea Room,
Bao Bao House,
Renew Consign & Cafe',
Carlisle Coffee and Sweets,
The Office Sports Bar,"[560, 1087, 1227, 1301, 2115, 2925]"
Super 8,[1971]
El Guadalajara Restaurant,
Mad Mike's Burgers & Fries,
Gallagher's Restaurant,
That 0ne Place (bean),
C&M Crawfish,[890]
Orient Cafe - Chinese Cuisine,
Stanway Colchester,
High Voltage Kingsport,
Main St Coffee & Kitchen,"[21, 1391, 1839]"
Tripitas del Parque,[1279]
Southern Snow,"[413, 490, 2540]"
The Perfect Caper,"[139, 140, 156, 687, 789, 1141, 1227, 1360, 1498, 2039, 2102, 2404, 2475, 2935, 2977]"
Tea Tree Asian Bistro,
My Nook iCafe & Lounge,
Taqueria El Rinconcito Express,"[372, 679, 843, 1104, 2248, 2684]"
Nando's Edinburgh - Chambers Street,
Milford Curry House,[1516]
Colours Cafe & Wellbeing Centre,
Cap'n Cats Clam Bar & Tavern,
Sheridan Livestock Auction Co,
Tub-Tim Thai Restaurant,
The Dotted Daisy,"[110, 247, 348, 789, 836, 1048, 1184, 1505, 1562, 1649, 1712, 1725, 1842, 2232, 2925]"
Cafe Grazie,"[11, 26, 61, 249, 282, 407, 547, 562, 610, 690, 857, 1107, 1375, 1399, 1442, 1544, 1739, 1987, 2352, 2508, 2573, 2615, 2629, 2697, 2709, 2721, 2725, 2776]"
Kefi Streetside Cafe,
The Burger Bunker,"[156, 584, 698, 789, 1317, 1360, 1416, 1419, 2959]"
Delta Sky Club,
Highway Inn Kaka'ako,
Coffeehouse & Deli,"[563, 723]"
Honolulu Poke & Ramen,
Protagonist Cafe,
Joe's Grill Express,
The Hub Sports Bar And Grill,"[303, 420, 854, 1064, 1200, 1206, 1209, 1696, 1822, 2027, 2067, 2642, 2817, 2867, 2973]"
Tony's Place Italian Restaurant and Pizza,
6 Klicks Cafe,
Chava's,
Bird and Cow,
Bon Vino's Bistro & Bakery,
Pine Tavern Restaurant,[1160]
Garcia‚Äôz,[248]
Tarboosh Cafe,
The Caf√© Joint,"[315, 519, 687, 765, 789, 1048, 1056, 1205, 1276, 1397, 2250]"
Nantahala Brewing,
Chunkay,
Moshi Moshi Hibachi Express,
Le Cornucopia Caf√©,
Garage Coffee,"[175, 1526]"
Cicada Beauty Bar,
Amici Athens,[1866]
Bar El Atrancon,"[849, 1059, 1311, 2564]"
Noot's Thai To Go,[52]
Las Caba√±as Mexican Grill,
The Orange House Wine Bar,"[509, 1941, 2030, 2067, 2867]"
Caf√© on the Abbey,"[200, 365, 1325, 1533, 2702]"
J Bar D Ranch,
China Taste Buffet,"[279, 1366, 2192, 2464, 2550]"
Cafe LaBelle,"[11, 26, 61, 143, 200, 249, 282, 283, 338, 407, 547, 610, 690, 811, 998, 1001, 1375, 1399, 2304, 2520, 2573, 2615, 2629, 2709, 2721, 2725]"
Tans Donuts,[2805]
The Hukilau,"[519, 652, 734, 789, 807, 941, 1048, 1173, 2180, 2322, 2906, 2914]"
Gaylordsville Diner,
La Bocca Pizza Kitchen,
Lolita‚Äôs Mexican Food And Such,
Four Points by Sheraton Deadwood,
Jesus Statue,
Fiddlehead Coffee - Miracle Mile,
Skies Place,
City Hut Peri Peri,[2690]
"Speedy Gonzales Tacos, LLC.",
Faye Alford Home,
NW 22 Av & NW 42 St,
Blue Wilderness General Store,"[388, 1614, 2656]"
Kit's Lash & Beauty Bar,
The Corner Bistro & Wine Bar,"[705, 1054, 1064, 1200, 1374, 1490, 1964, 2973]"
Dazbog Coffee Pershing,
No1 Cafe Bridge Street,
The Gourmet Pig,"[404, 789, 1146, 1505, 2385, 2977]"
Mac's Cajun Kitchen,
The Walk In,"[480, 687, 789, 1048, 1205, 1276, 1278, 1658, 1674, 2161, 2242, 2250, 2499, 2723, 2846, 2914]"
Brazilian Acai Bowls and Juice Bar,
Unique Pizza,
TGI Fridays - Eldon Square,
The Shake-N-Dog,"[537, 789, 941, 1048, 1278, 1649, 2229, 2723, 2846]"
301 Wingz,"[311, 833]"
Seasons of Japan,
Shogun Japanese Steakhouse and Sushi,
THE PIZZERIA,"[480, 687, 789, 1048, 1921, 2914, 2977]"
TIA'S Latin Food,
Annabelle's BBQ & Creamery,
La tropicana food truck,
China Q II,"[279, 1366, 2158, 2271, 2464]"
Mi Veracruz Mexican Restaurant inc,
CHC Restaurant & Pizza,
Station One Smokehouse,"[568, 2490]"
Kava Diem,
Submarina California Subs,
Ragazzi Pizza Co,
Kays Quick Shop,
Dixie Meat Center & Catering,
Caf√© Femenino Coffee,"[365, 1325, 1533, 1940]"
Cardo's Pizza of Waverly,
Sweet Mama T's,"[374, 918, 1049, 1655, 1736, 2487]"
Cape Fear Country Club,
Mi Frontera Es Ojinaga,
AK‚Äôs Twisted Chicken,
Grille 92,
KC Delights,
Hoyts Catfish Pond Restaurant,
Cosme Cafe,
People First Cafe,
Ragged Mountain Resort,
Royal Jelly Doughnut,"[1512, 2460]"
Double J Restaurant,
Coosa Island Bar and Grill,
Chee-bog,
Andy's Grill & Bar,"[976, 1514]"
Country Coffee Sisters,
Gallardo‚Äôs Mexican Restaurant,
Bemus Point Ferry. And Casino restaurant,
Ice Cream Factory,
Eighty Acres Kitchen & Bar,
Middletown Coffee Co,"[259, 2605]"
Stavro's and Sons Fruitland Park,
Nora's @CNY Community Arts,
KFC Dundee Milton - ASDA,
"Elmer's Restaurant (Grants Pass, OR)",
Brewligans Channel,
The Stave,"[139, 284, 480, 537, 687, 734, 789, 1048, 1205, 1276, 1313, 1397, 1649, 2184, 2371]"
Silk 2 Bar & Grill,
AK Alchemist Coffee,
The Boatyard Grill,"[43, 92, 110, 156, 404, 537, 789, 1416, 1562, 1931, 2125, 2331, 2385, 2638]"
Green Sage Caf√© South,[263]
7 Mile Grill,
Kume Kitchen,
SALT Salon Spa Cafe,
Pie In the Sky Pie Co,
"Wendy Fischer, LMFT","[119, 466, 479, 524, 711, 2018, 2031]"
Corner Store Market,
Oak Grove Restaurant,
Taziki's Mediterranean Cafe - Cleveland,[2955]
The Market Maui,"[532, 789, 852, 1048, 1173, 1658, 2180, 2591, 2935, 2977]"
K J's Family Restaurant,
Giovanni Ristorante & Bar Italiano,
Dusty Star Saloon and Smokehouse,
Martini's Organic Restaurant,
Bagel Beanery,
Taqueria el Dolar #5,"[254, 372, 1104, 1686, 1691, 2118, 2482, 2684, 2985]"
Tortilleria El Ranchito,
The Fairwood 226,"[480, 687, 734, 789, 1048, 1205, 1649, 1674, 1921, 2144, 2180, 2344]"
Ming Sushi,
El Jarrito Cafe,
Conway - YGFBFKitchen Restaurant & Catering,
Yee Kee Chinese Restaurant,
Five Senses Coffee House,[1772]
April‚Äôs Kusina Filipino Cuisine,
General Reserved Parking | G-1,
La Cocina mexican food,[1882]
Abacela Winery,
Carmella's Fort Mill,"[1460, 2675]"
Hebridean Peat Smoked Coffee,
Salmex Restaurant,
Lanxang Lao Thai Cuisine,
Marquez Snow Cone,
The inside story bookstore and cafe,[635]
Regner‚Äôs Tudor Lounge,
Warung Indonesian Halal Restaurant,
"La Storia, Italian Restaurant",[1212]
Neat Bourbon Bar,
Ridge Runner Cafe,
Chinese Cafe ÂçóÂåóÂíå,"[1366, 2192]"
Dwight's Restaurant,
Wild Hog Patio Bar &Grill,[1677]
Wanda's Little Vegas,
Firefly Coffeehouse,
Puerto Rico Caf√©,
Gusto's,[886]
Lyons' Den,
El Trio Mexican Grill,
UP Cafe,
Sharon's,
Yolys Tacos y M√°s Inc,
blue berry cafe,[495]
Karubees Jamaican Restaurant,
Aqua Reef Euro Asian Cuisine,
Gran Fiesta Mexican Restaurant,[2551]
Azia Marias,
Kaiyo Grill & Sushi,
Friendly Tavern,
Aladdin Mediterranean Restaurant,
Celaya's Mexican Restaurant & Cantina,
Lone Star Oyster Bar,
TwispEats,
Maria's Country Kitchen,
Airport Pub,[2996]
RPlace,
Diva Espresso,
Ding Tea Grand Rapids,
The Lobby Coffee & Leisure,
Dulwich Cafe.,
B-Bar Farm,
Sundees,[1230]
Chums Shrimp Shack,[2005]
Cafe Lokum,"[11, 61, 249, 282, 407, 547, 610, 857, 948, 1001, 1107, 1375, 1544, 1739, 2068, 2159, 2573, 2615, 2697, 2721, 2725]"
Picollo Cafe,
Dude's Steakhouse & Brandin' Iron Bar,
Highland Market,[1329]
Base Trailhead,
McDonald Septic Service,"[904, 1522, 1538, 1993, 2590]"
Off The Cushion Bar and Grill,
Wendy Storevik,"[274, 466, 479, 501, 524, 711, 2515]"
Shamraj Ltd,
Ph·ªü H·∫≠u Restaurant,[2527]
Boomerang Coffee Co,
The Gateway Arch,"[105, 110, 239, 687, 789, 1048, 1205, 1397, 1564, 1712, 2475, 2906, 2910, 2923, 2935]"
El Cantaro,"[380, 655, 2999]"
Zero Gravity Brewery,
His Place ( Christan cafe And Book Shop),
Bar Catch,"[815, 849, 1059, 1311]"
Wise Guys of Hammondsport,
"Booths, St Annes",
The Hot Club,"[217, 537, 584, 789, 941, 1333, 1459, 1902, 2161, 2344, 2385, 2723, 2803]"
Amelia's Taqueria,
Poke fish sushi,[2820]
Spice Garden tandoori restaurant,
Osaka Japanese Steak & Lobster house,
Kin's Wok,[2664]
Sylvester's,[2855]
Balance Cafe,
The Lake House at Sylvan Beach,"[25, 1294, 2056]"
The Tattered Toad,"[91, 139, 156, 348, 496, 584, 662, 698, 789, 836, 969, 1087, 1141, 1184, 1252, 1355, 1390, 1416, 1489, 1562, 1586, 1649, 1712, 1725, 2039, 2232, 2475, 2603, 2923, 2925, 2959]"
Tokyo Japan Sushi & Hibachi,
"Wendy Davidson - Financial Advisor, Ameriprise Financial Services, LLC",
JP's Caf√©,
3 Rivers Grill,
Casa Garc√≠a,[954]
El Toro 5 Stars Restaurant & Deli,[2778]
Giovanni's Take-Out Express,
King Of Steak Hoagies,
Firefly Valley Farms Coffee Roasters & Beverage Solutions,
Bat Bar,
Debellation Brewing Co,
Avenue,
The Florence,"[480, 532, 789, 1172, 1278, 1437, 1921, 2039, 2250, 2846]"
Cutts Restaurant,"[279, 1925, 1980, 2651]"
Duck Point Smokehouse Restaurant,
The Cattle Shed,"[64, 92, 140, 156, 239, 247, 268, 348, 532, 537, 687, 789, 836, 1048, 1141, 1276, 1313, 1355, 1397, 1649, 1658, 1842, 2090, 2882, 2906, 2925]"
Dodge Country Club,
Bk's place,
Amelie coffee and cakes,
Perky Grinders,
Cafe Internet,"[11, 26, 61, 200, 407, 547, 610, 690, 811, 857, 1026, 1107, 1375, 1442, 1544, 1739, 1987, 2126, 2495, 2520, 2629, 2702, 2709, 2721, 2725]"
YaYa's Euro Bistro,
Hawkeye Bar & Grill,[870]
Plymouth Avenue Coffee,
Central park cafe,"[47, 198, 358, 1289, 1743]"
All Sport Health & Fitness,
Hendrix Restaurant,
Bella Italia - Telford,"[2374, 2648]"
The Lost Dutchman Taproom,"[303, 369, 406, 1093, 1301, 1941, 2067, 2806]"
Deb's Kitchen,[332]
Lolita's Taqueria,
Fireside Pies,[344]
Franklin Street Cafe and Bakery,[1300]
Bodega Cantina | Birmingham,
Hibachi Grill and Supreme Buffet,[1154]
Restaurant Association Metropolitan Washington,
Heart of Dixie Grill,
Jerry Mcdonald,
Pikasso Swig,
The Angelfish,"[532, 734, 789, 941, 1048, 1278, 1649, 2229]"
B&G Scoops,
Old Trails,
Bella Roma Italian Food,[2359]
La Campana,
Mes√≥n Cafe,
Taqueria La Herradura Edinburg,[2985]
U Pick 6 Public House,
Losey & Redfield,
Little Waitrose At Shell Whyteleafe,
Apizza Grande Bethany,
Mission Hill Coffee & Creamery,
Colombini's Pizza & Deli,
Scampi Grill,
The Cowboy Grill,"[247, 404, 734, 789, 924, 1146, 2178, 2232, 2322, 2475, 2638, 2803]"
De La Tierra Restaurant,
Plant Power Cafe,
Izziban Sushi,
Sunny's Pizza & Wings,
34 Chophouse,
Pizza Palazzo,"[1472, 1864, 2037, 2093, 2956]"
"Christina's Pizza & Subs, LLC",
Pizza King of Medaryville,
Hustons Restaurant,[774]
Squid Ink Eclectic Eats and Drinks,
Hangar Bar and Grill,
Adolfos,
Bold City Grill,
Gulf To-go,
The Atomic Place,"[64, 140, 239, 315, 404, 532, 687, 789, 1313, 2475, 2906]"
Alpha Omega Grill & Bakery,
Bacon BIT Grill,
Armbar and Grill,
The Perk Coffee Shop & Cafe,"[25, 451, 1508, 2089, 2115]"
Playfair's Restaurant and Steakhouse,
Old Dad‚Äôs Restaurant At Chestatee,
"California Fish Grill - Mesa, AZ",
Kazmicks Restaurant,
Haefner Wendy S DDS,
Koo Chesterfield,
Mogal E Azam Indian Restaurant Nottingham,
Cafƒó 53,"[11, 365, 547, 1325, 1533, 2725]"
Beese's Depot Cafe,
Rollup Ice Cream & Tea - Gull Road,
Chang Thai & Chinese Cuisine,[1698]
Sara Thai Restaurant,[1914]
Jones County Local,
Alumni Sports Bar & Grill,
White Heron Tea & Coffee,
El Borincano Restaurant,[1494]
The Affluential Restaurants,"[144, 1200, 1574, 1771, 2038]"
Krab Kingz Conway,
Jeanne Rose Sports Bar,
The Purple Cow Restaurant,"[406, 1206, 1227, 1922, 1941, 2067, 2089, 2360, 2542, 2973]"
Poughkeepsie Underwear Factory,
Venue Bar and Nightclub,
Ellettsville Pizza Pantry,
Asador Patagonia,
Baxter St Cafe,
Adairsville Coffee Co,
Bayou la Roux,
Mean-Eyed Cat Bar,
Baudean's Seafood Restaurant and Bar,
Kemp 208,
Heart & Soul Caf√©,[750]
Meraki,
Mumbles Pub,
Pronto's,
Jalape√±o Mexican Restaurant,
Landmark Baptist Church,
Rachel's Hi-Way Cafe,[2687]
Sidestreet Pizza & Pasta,
Dukes Cafe Bar Glossop,
Preston Eats,
AnnLe's Nail Bar,
Hay Bar,
Joey Bag A Donuts,
Kandi Kaf√©,
Jinja Bar & Bistro NE Heights,
Sweetwaters at Landalls,[918]
Plumpd Injectables and Beauty bar,
Cara Mia's,[2675]
Epping pizza,
Nana's Soulfood,[1687]
Spring Street Deli & Pizzeria,
Bantam Coffee Roasters (formerly Eighty-Two Cafe),
Thumbs Up Diner - Austell,
Mim's Bar & Grill,
Cooley's Stone House Tavern,
Royal Court,"[1512, 2213]"
Pittsfield Cafe,
Spanish Pavillion,
Mina's Market and Nutrition Hub,
China Buffet King,"[1366, 2158, 2192]"
Little Beast Cafe & Bistro,[2086]
Las Micheladas Sushi and Bar,
Moonshot Brewing Pub at the Park,
Oregon Coffee & Tea,
Hide Away Cafe,
Black Sheep Pub and Grill,
Encore Cafe,[2939]
"Holiday Inn Wilkes Barre - East Mountain, an IHG Hotel",[1217]
"Mr B's Dairy Bar, LLC",
Ginger Ale's Olney,
The Country Palace,"[239, 247, 315, 334, 404, 537, 751, 789, 1360, 1564, 2115, 2315, 2331, 2385, 2400, 2803, 2806, 2935, 2947]"
Settles Grill,
Dirty Dan Harris Steakhouse,
Bengal Cafe,[456]
Sarina's Pizza & Restaurant,
Fire Mountain Grill,
Beckham's B & M Bar B Que- North Randall,[818]
Taqueria chalia's,"[254, 372, 1104, 1686, 1691, 2248, 2684, 2985]"
Haiku,
Hack-Ma-Tack Inn,
IM Thai Cuisine,
Sagal Restaurant & Cafe,
Sweet Magnolia Bakery & Cafe,"[918, 1049, 1583, 2203]"
Kouri's Pub,
Giant Manhattan Pizza,
Station One,"[297, 568, 2195]"
Crazy Lemon,[2609]
Sunrise burritos,[1924]
La bahia Restaurant,[1032]
Shell Seekers,
Cafe India Merchant City,"[11, 547, 2352, 2685, 2725]"
Lucerne Euro Market & Bistro,
Cheezie's Cafe,
The Roundabout - Rockwall,"[55, 705, 751, 1018, 1134, 1240, 1390, 2030, 2603, 2806]"
The Link Hotel,"[89, 247, 315, 334, 404, 424, 789, 1054, 1146, 1658, 1674, 1842, 1921, 2144, 2180, 2638, 2914, 2959]"
The Berry Patch Restaurant,"[275, 369, 1200, 1206, 1209, 1420, 1941, 2067, 2094, 2542, 2642, 2973, 2980]"
The Skybox Daiquiri Bar and Bistro,
The Old Mill Retreat Cafe,"[432, 615, 792, 1420, 1575, 2089, 2360, 2806]"
Allie Katz Bar And Grill,
Wasab Steak House & Sushi,
Isabali Bath Cafe,
Z Bar & Grill,
Mixed Grill Catering,
Cafe Riverside,"[11, 26, 61, 143, 547, 562, 610, 690, 857, 1107, 1375, 1399, 1442, 2016, 2126, 2520, 2697, 2709, 2721, 2725]"
Frenier Landing Restaurant and Oyster Bar,
Resses's Pieces Park Cafe,
Sheffield Cafe,
DUNKIN' The Xchange,
B52 Caf√©,
Greenstein & McDonald,
Wendy Buxton,"[274, 465, 466, 501, 524, 2018, 2031, 2311]"
Fred's Soul Food Restaurant,[1647]
The Nutrition Den Caddo River,"[502, 2571, 2987]"
Erika's Cafe & Restaurant,
Cougarz Sports Bar,
Cafe with Soul,"[11, 26, 61, 143, 249, 282, 283, 407, 547, 562, 610, 811, 857, 1001, 1107, 1375, 1399, 1442, 1544, 1987, 2068, 2159, 2352, 2508, 2573, 2615, 2629, 2697, 2721, 2725]"
Fino Lounge,
Fintans Fish & Chip Co.,
Panama Bay Coffee Co.,
Splash Bar Modesto,
Bricks at Campau Corner,
Ph·ªü Quang Trung Restaurant,
Ph·ªü V√¢n Restaurant,[2313]
Teezer's Coffee House,
Five Points Inn,"[1413, 2916]"
National Trust - Crook Hall Gardens,
Trinity Donuts,
Panekes bakery,
Live Caf√©,[657]
Cenex ProVision Partners,
Maggie's Hangar @ James Burtons Rock and Roll Cafe,
Sweet Beans Midtown Sound Cafe,
Ann & Tony's,
Hoburne Cafe,
Nando's Dover - St James,
South Side Diner,"[499, 2114]"
No 1 Restaurant,
The Pursuit Wine Bar & Kitchen,"[406, 535, 578, 2030, 2038, 2424, 2500, 2930]"
Greenbush Garden Bistro,
Asda Pudsey Supercentre,"[1210, 1589]"
Ginger Palace Pan Asian Cuisine,
Foster's Presque Isle On the Run,
Henniker Junction Restaurant (closed),
GiGi's Genesis Health Bar,
Bella Bar Beauty & Tanning Salon,
China Fortune Restaurant,"[279, 512, 1192, 1366, 2158, 2643, 2960, 2961]"
Grand China Chinese Restaurant,
RSPB Newport Wetlands,
Woodlands Park Club & Restaurant,
Bloom Coffeehouse & Eatery,
La Bonne Bouchee Patisserie & Cafe,
Marion Grille,
Hotel Weyanoke,
Revere Restaurant,
Restaurant Bar La Ca√±ada,"[115, 805, 1615, 2015, 2904]"
Pho Belwood,[720]
Morning Times,[677]
KITA MODERN JAPANESE,
Fizzlestix,
Bar 61 Restaurant,"[46, 636, 849, 1059, 1311, 1358, 1386, 2152]"
StreetSide Grill & Bar,
West Congress Street & Taco Bell (Outbound),
Talk N Coffee,
Pitman Roger Home Loans & Realtor,
Bello Rotisserie and Grill kabab and steak,
Just Eat.Co.Uk,
The Reading Room coffee house,"[268, 502, 792, 1209, 2642, 2712, 2817]"
Fifth Street Bagelry,
Cafe Zeus,"[11, 26, 61, 143, 249, 282, 283, 407, 547, 562, 610, 811, 857, 864, 948, 998, 1107, 1375, 1442, 1488, 1544, 1739, 1987, 2068, 2126, 2159, 2304, 2520, 2615, 2629, 2697, 2721, 2725]"
Fish & Chips Aberaeron Llond Pl√¢t,
Jericho Coffee & Company,
Club Manchu,
Crab Bag,
La Nota Latin Street Food - Venezuela Food,
Java Dawg Coffee,[482]
Spoonholder Cafe,
Lori's Kountry Kafe,
Origlio‚Äôs Wagon Wheel Restaurant,
Tolon,
Cushman Market & Cafe,
Pure Fusion,
Ford's Garage Ft. Myers,
Mr. Ed's Bar & Grille,
Serrano's Street Tacos & Bar,
Sub King Plus,
McDonald Outlet,"[904, 1522, 1538, 1993, 2309]"
The Market 66 Chowhouse,"[1173, 2090, 2242]"
Lil Darlings,[726]
Gastro Health,
Signatures Bar and Grill,
Playa Azul mexican restaurant,
J T's BBQ,
Nam Thanh Restaurant,
Roma Italian & Greek restaurant,
Blue Martini Lounge,
Darby's Joy,
Snowhite Drive In,
Maydan,
The House Downtown Bar,"[55, 751, 1134, 1184, 1562, 2030, 2331, 2498]"
DeCarlo‚Äôs Italian Cafe,
Middleton Diner,"[259, 2223]"
Farmer Brown,
Georgia Boy‚Äôs Roadside BBQ,
Showwin Japanese cuisine Southampton,
Crazy Hibachi,[2491]
Big Cheese Pizza - W Columbia,
Jibaro Latin Restaurant,
Golden Chef Chinese Restaurant,
Monique's Kitchen,
The Coffee Station LLC,"[615, 705, 717, 751, 765, 1200, 1562, 1574]"
Cafe Lpha,"[11, 26, 143, 249, 282, 283, 407, 547, 562, 610, 811, 857, 948, 1001, 1107, 1375, 1442, 1544, 1739, 1987, 2016, 2068, 2126, 2159, 2304, 2520, 2573, 2629, 2697, 2709, 2721, 2725]"
Ursa Major Bistro & Coffee Shop,
Sabaidee Thai & Sushi Bar Concord,[712]
Leif Tearooms,
Ipanema Caf√©,
Moon star Asian Bistro,
Ikigai Coffee,
Alliance Cafe,
Ike's Restaurant,[636]
Mama Lou's Restaurant,
The Apartment Lounge,"[789, 941, 1437, 1858]"
Lushus Bar & Grill,
Silk Rd Restaurant Heswall,
The Nutty Java,"[110, 789]"
Cafe central,"[11, 26, 61, 200, 249, 282, 283, 338, 407, 547, 610, 690, 811, 857, 998, 1026, 1107, 1375, 1399, 1544, 1987, 2016, 2068, 2126, 2159, 2352, 2520, 2573, 2615, 2697, 2702, 2709, 2721, 2725]"
Peppers Mexicali Cafe,
Vista Verde Partners,
Dunn Brothers Coffee - Eatery,
Anderson's General Store,[8]
Coffee Cup Ruinz,"[563, 723, 1136, 1613]"
Frontier Relics & Auto Museum,
Newton Park Service Station,
Olio,
The New York Grill,"[789, 1416, 2232, 2385, 2499, 2846, 2959]"
Red Maple Country Club,
Whittles Plaza,
"Guadalajara Grill Fiesta, Tucson's Best Mexican Restaurant",
The Garden Bar & Restaurant,"[25, 144, 275, 406, 1200, 1209, 1941, 1964, 2027, 2067, 2089, 2135, 2500, 2571, 2806, 2867, 2973]"
Chenoa Family Restaurant,[18]
Grumpy's Grind,
Cousteau's Waffle and Milkshake Bar,
Golden Eats Cafe and Bakery,
Fresh Ginger fusion,[255]
Bella Italia - Lancaster,"[2359, 2374]"
Waterzooi Belgian Bistro & Oyster Bar,
Lunds Corner Bar,
C T I Restaurants,[2345]
Arthur's Prime Steakhouse,
Avalar mexican food,
Brooklyn Pie Co.,
Country Club Hills,"[231, 392]"
Blue Caribbean Bar & Lounge,"[388, 1352, 1614, 2173]"
Barre Country Diner,"[849, 1059, 1311]"
Cubana Tapas Bar,
Eastern buffet,
Gyros King Grill,
Brown Butter Creperie and Cafe,
Revival Eastside Eatery,
Mama Mia's Pizzeria,
King Wok 47,[2327]
San Francisco Deli,
Dawg Ugly,
Soda Bomb Shack,
Taco el albur,"[473, 1854]"
Moe's Darrington,
Wolf Bay Restaurant at Orange Beach,
Sip Coffee House Lakeside,
Sammy's Slots Video & Gaming Cafe,
Labyrinth Bar & Kitchen,
Aio Wireless,
Carm's,"[1460, 2260, 2452]"
Miller Cafe,
Feomech Bowl Kitchen,
TAT Ristorante Di Famiglia,
Rener's Snowcone & Snack Shop,
The Kitchen at Abeja,"[789, 1562, 1696, 1847, 1931, 2038]"
Guido's Burritos Mexican Wood Fired Grill & Tequila Cantina,
naz coffee shop,
Septembers Taproom & Eatery,
TAQUERIA EL TODO BIEN,"[254, 372, 1104, 1686, 1691, 2118, 2248, 2482, 2985]"
Cafe 21 University Heights,"[11, 547, 1026, 1375, 1442, 2721, 2725]"
Pita Jungle - Park West,
Rachel's Whistle Stop Cafe,[2441]
Raw Smoothie Co. - SOG,
Dian‚Äôs Place (Burger Shak),
City Subs,[2169]
Din√® restaurant,[636]
Lake Striker RV Park Restaurant and Marina,
Vincenzo's Cafe And Bakery,
Veggie Fellas,
Stix & Steins,
Lickin Good Donuts-Gulf Shores,
Cafe Corsaro,"[11, 26, 61, 282, 283, 338, 407, 547, 562, 610, 690, 857, 1375, 1399, 1544, 1987, 2068, 2126, 2304, 2508, 2520, 2573, 2615, 2629, 2709, 2721, 2725, 2776]"
Margie & Ray's Crabhouse and Restaurant,
Jumbo Joe‚Äôs,
MAY KITCHEN + BAR,[2875]
HOKI Japanese Restaurant,
Cafe on the Beach,"[11, 200, 283, 547, 610, 1375, 1987, 2156, 2352, 2629, 2725]"
Regis Club,
Los Primos - Mexican Restaurant,
Sharifa‚Äôs Hookah Bar & Lounge,
Leroy Hill Coffee Co,
Ichiban Asian Bistro & Go -Madison,
Rossilli's Restaurant,
Cafe tropicali,"[11, 26, 143, 249, 283, 407, 547, 562, 610, 690, 811, 857, 1001, 1107, 1375, 1399, 1739, 1987, 2016, 2126, 2159, 2352, 2520, 2615, 2629, 2697, 2725]"
Jaipur Indian Cuisine,
Mei Kitchen Chinese Takeaway,
The Drovers Cafe & Restaurant,"[25, 1200, 2038, 2067, 2571, 2867, 2973]"
Rice Garden restaurant,
D's Eats & Sweets,
Concord Tandoori Restaurant Ltd,
2 Many Chiefs Concessions and Catering,
Ferro's Famous Ny Pizza,
Front Street Snack Bar,
Kusina Filipino Restaurant and Gourmet,
Caffe Pinguini Italian Restaurant,
Cafe Aurs,"[11, 26, 61, 143, 249, 282, 283, 407, 547, 562, 610, 811, 857, 864, 948, 998, 1026, 1107, 1375, 1442, 1544, 1739, 1987, 2016, 2068, 2126, 2159, 2304, 2352, 2508, 2520, 2573, 2615, 2629, 2685, 2697, 2725, 2776]"
Manny's Greek Grill,
the pocket,"[43, 217, 239, 334, 480, 537, 687, 789, 1048, 1333, 2180, 2184, 2322, 2914]"
Foggy's Steakhouse & Lounge,
&Cafe,"[11, 19, 26, 61, 143, 200, 249, 282, 283, 365, 407, 547, 562, 610, 690, 811, 857, 948, 998, 1001, 1026, 1107, 1325, 1375, 1399, 1442, 1488, 1533, 1544, 1739, 1987, 2016, 2068, 2126, 2159, 2304, 2352, 2412, 2495, 2508, 2520, 2573, 2615, 2629, 2685, 2697, 2702, 2709, 2721, 2776, 2918]"
Grub & Pub,
Backstreet Grub,[1976]
Megpies Bakery & Cafe,
Rookies Sports Bar & Grill (Huntley),
Mimo's Pizzeria,
Possum Holler Cafe & Catering,
Zizzi - Whitstable,
3 Reinas Taqueria,
Cottage Bakery,
Drinks From The Cup,
"Pit, Smokehouse, Bbq",
Oficinas Domino's Pizza,
Ol√© Mexican Eats,
BONE‚ÄôS Coffee Bar & Eatery,
Emerald China Restaurant,
Tips,
Fly Away Caf√© & Gift Shop,
Candy Bar Ranch,
78 Foster Restaurant & Bar,
Scoops & Grinds,
Caroline Cafe,"[540, 1005]"
Road Crew,
Hooters of King of Prussia,
Chroma Caf√© and Bakery,
Tavistock Restaurant Collection,
Charlie Brown's Bar,[454]
AN Donuts,
Delfini Room,
Romany Jones Cafe & Takeaway,
Melrose Cricket Club,
Wendys pet Grooming,"[465, 466, 711]"
Bixby Plaza Cafe,
Thai House of Bloomington IL,
Espresso Caf√©,[930]
Market at Glen Mor,[996]
Bottles Wine Bar,
Bitter Rose Coffee Bar,
Americana Kitchen & Bar,[1906]
Waterlines Heritage Centre,
Sandy Bar and Grill,
Cinemark Hollywood 16 and XD,
S 212th St & 68th Ave S,
Youghiogheny Coffee Co,
Cambria Hotel Arundel Mills-BWI Airport,
Bayseas Seafood Restaurant #25,
Grind - Student Union,
Island gourmet coffee,
Hp fusion,
Stop On By BBQ,
Shine Coffee Co.,
Cafe Fresco Bridgend,"[11, 61, 547, 562, 610, 2126, 2697, 2721, 2725]"
La Bodeguita Mexican Restaurant,[1257]
El Texano deli Taqueria Y Pupuseria,[2337]
Lucky Corner,
Si Se√±or Family Mexican Restaurant,
Stoney Bar,
Clavis Club of Morgan County,
The Tea Terrace Restaurant & Tea Room (Cobham branch),
Summit Pizza,[669]
Oliver's Fish & Chip Restaurant REDCAR,[923]
Ju-Ichi Japanese Restaurant,
Waller's Market,
Les Delices De France,
Berolina Bakery & Pastry Shop,
Nibble Niche,
Surfside Sandwich Shoppe,[1138]
Alder Wood Bistro and Wood-Fired Pizza,
Bike rack: Arby's,
Leaf & Hive Brew Lab | Brewery & Bar,
Total Health Cafe,
Minit Market,
Auntie Jen's Pizzeria,
Schianos Italian Restaurant And Pizzeria,
Gabby Market and Deli,
Sabory By Salvi Cafe,
Clancy's Public House,
El Siboney Restaurant ( Stock Island),
The Do You LLC,"[217, 247, 404, 537, 789, 2322, 2385, 2475]"
La Fiorentina,"[1340, 1354]"
Pico Donuts,
The Foundry at Judson Mill,"[406, 420, 496, 615, 1134, 1184, 1309, 1941, 2067, 2360, 2475, 2498, 2502]"
"John Woodbury McDonald, MD",
S.S. Express Mobile Caf√© L.L.C.,
Salsaria's,
Le Buzz,
10th Street Station,
Carino's Northern Italian Cuisine,
Varsity Pizza McKenna,
Muldrow‚Äôs Wagon Wheel Express,
Moana Organic Cafe,
"1,2 Wing & Grill Restaurant",[311]
The Hidden Garden Bistro,"[275, 348, 406, 420, 509, 1200, 1941, 2030, 2135, 2571]"
TechJunction Cafe,
Rethink Food and Drink,
Poke Chef Paso,[2324]
Marukin Restaurant Inc,[2294]
Grateful Ed‚Äôs BBQ,
Micahs,[591]
Notini's Restaurant,[995]
Tiferet by the Park,
Tudor Tea Rooms,
Bliss Box (Homsi‚Äôs #3),
Da Green Coffee Bar,
Grady's Seafood,[1791]
Peggy's Coffee House,
Traylor's Restaurant,
Eurasia Indian Restaurant,
Ruby's Soul Food,[1468]
Toutw√®l Restaurant,
McDonald Keohane Funeral Home - North,
Kokopelli Bike & Board,
Cambridge Diner,
Durango Mexican Grill,
Harper's Pub & Pizza,
Avondale Wine & Cheese,
Boar's Head,
Tandoor India Restaurant,
Thai Blossom Bistro,
The Real Pizza Company Crawley,
New Leaf Delicatessen,[352]
The Newton,"[480, 511, 789, 852, 941, 1048, 1205, 1278, 1674, 2180, 2184, 2344, 2638, 2959]"
Weave Bar,
Holdi Rainford Indian Restaurant,
HI-TIDE,
Fresca Tequila Bar & Grill,
Japu Restaurant,[46]
Cielo,[1781]
North Park Lounge Murrysville,
Salem Gardens,
Sylvester's MS Style BBQ,[2328]
Fire Blocks District Leasing,
Tofu House Korean B.B.Q.,
Levy Restaurants At Olsen Field,
Shahi Palace Restaurant & Steak House,
King Queen Caribbean Bar and Grill,
Jocelyn's Mediterranean Restaurant & Martini Lounge,
First Ward House,[1737]
The Original Vazzy's,"[92, 334, 717, 734, 789, 852, 969, 1278, 1489, 1624, 1858, 2923]"
Riverside Fish & Chips,
Waterworks Cafe,
Maui Tropical Plantation,
The Drayton Restaurant & Bar,"[25, 144, 1184, 1200, 1206, 1409, 1693, 1941, 1964, 2067, 2135, 2155, 2642, 2712, 2973]"
Drumgeith Bar,
Sam's Classic Burgers,
Pollos Inti Restaurant (Sterling),
Anthony's Pizza & Pasta,[2927]
Syrian Kitchen,
On The Border Mexican Grill & Cantina - Oak Park,
Martino's Italian Villa,[1398]
Moa Kitchen,[2700]
CW‚Äôs Authentic Tex-Mex Cuisine,
Alamo Drafthouse Cinema Charlottesville,
The Tavern at St. Michael's Square,"[1219, 1574]"
Duvval Alvium,
Al Duomo,
Weslayan Plaza,
The Panther Den,"[110, 139, 239, 406, 584, 687, 789, 1048, 1355, 1416, 1649, 1842, 2089, 2910, 2923, 2925, 2935]"
Ivie Juice Bar,
Atiya Ola's Spirit First Foods,
Apollo's House of Pizza,
Saltus River Grill,
Blue Scorcher Bakery & Cafe,
Harraseeket Lunch and Lobster Company,
Alamo Ranch Restaurant,
El montecito,[1326]
Jeremiah's Pub,
Flacos House Taqueria Mexicana #4 (Hinesville),
Morning Grind Coffee Co,[590]
Burger 21 - New Tampa,[2911]
Allure Beauty Bar & Spa,
Eastgate plaza,
The Bridge Keswick,"[699, 734, 789, 1161, 1610, 1726]"
Kohala Coffee Co.,
Buckinghamshire Arms Aylsham,
MacDonald Group,[73]
Doug's Hickory Pit Bar-B-Q,
Cascade Room,
The Fox Brewery & Pub,[789]
99 Restaurant,"[115, 467, 805, 1615, 1840, 2015, 2559]"
3Pointe Restaurant Group LLC,
The Rustic Table,"[140, 156, 239, 284, 315, 652, 789, 807, 1048, 1173, 1276, 1419, 1505, 1658, 1902, 2161, 2347, 2385, 2400]"
Perlita Mexican Restaurant y Taqueria,
Isles of Glencoe Hotel,
The Shop Bar & BBQ Grille,"[43, 509, 854, 1064, 1699, 1941]"
the sanctuary cafe,"[105, 139, 140, 511, 687, 789, 836, 1048, 1276, 1419, 1564, 1712, 2090, 2315, 2475, 2882, 2935]"
Burger bus,[2894]
Uncle's Cafe,"[2920, 2939]"
Mad Hatter Cafe + Bakeshop,
The Pickle,"[43, 687, 734, 789, 1048, 1658, 1674, 1921, 2161, 2180, 2188, 2499, 2723]"
Tu Tu's Lunch Wagon,
FIVE Conwy,"[1413, 2529]"
Waveland West,
Cafe Venezia Ristorante Italiano,"[11, 547, 2725]"
Fuel Good,
Uncle Hugo's,[2912]
Corral Cafe,"[301, 973]"
The Humidor Room cigar & Scotch Bar,
The Garage Tavern,"[139, 348, 584, 789, 792, 1205, 1252, 1416, 1498, 1624, 2017, 2315, 2863, 2882, 2959, 2977]"
Lockwood Restaurant & Bar,
The Patio Seafood,"[511, 687, 789, 1048, 1056, 1161, 1649, 2102, 2125, 2347, 2882]"
Kitchen 5315 Restaurant & Tiki Bar,[265]
Anthony's HomePort,[2871]
Courtyard Oyster Bar,[1464]
E-Z Access Restarunt And Carwash,
The Press Juice and Health Bar,"[25, 144, 1490, 2038, 2542]"
Slapout,
Newaygo Nutrition & Sips,
Spartan Square,
Golden Bowl Buffet,
The Tap Eatery,"[92, 110, 239, 315, 652, 687, 789, 924, 1048, 1172, 1173, 1205, 1240, 1459, 1564, 1649, 1658, 2115, 2144, 2242, 2315, 2475, 2628, 2882, 2910, 2977]"
Get Stuffed Pizza Co,[1535]
Sorella Waxing Bar,
Skull Valley Station,
Onion's Cafe,
Gretna Green Famous Blacksmiths Shop,
Claudine's Restaurant,
Frosty Inn,
Aladdin's Eatery West Chester,
Rice King Express,
CoraFaye's Cafe,
Twenty8 Coffee,
The Coop Play Cafe,"[140, 404, 537, 751, 765, 789, 836, 1227, 1712, 2475]"
Southside African Restaurant,"[490, 1253]"
Vermont Cookie Love,
3rd Street @ North Subway (W),
Carters Landing Bar,
The Guadalajara Mexican Restaurant,[1322]
Panaderia La Favorita,
Ray Park,
Taziki's Mediterranean Cafe - Greenville,[2241]
Pizza Pie-Zazz,"[1472, 1864, 2093, 2391, 2978]"
Three Girls Deli and Bakery,
Kogetsu boiler house,
The Night Owl Bar,"[315, 404, 584, 698, 789, 852, 941, 1278, 1317, 1624, 1726, 2499, 2638, 2846]"
China Center Restaurant,"[279, 512, 2550, 2961]"
China King Buffet Restaurant,"[2550, 2960]"
Chadeaux's Cajun Kitchen,
Thirsty Owl Saratoga,[1337]
Guion General Store & Lodging,
Ocho Caf√© - Westford MA,
Brewers Coffee Co,
Daingerfield Donuts,
Columbine Caf√©,
Cody Theatre,
Asian One,"[1101, 1179]"
Crush It Nutrition,
Sotto Enoteca,
The Big Lock pub & restaurant,"[89, 142, 172, 275, 369, 420, 535, 578, 854, 1054, 1206, 1209, 1374, 1450, 1693, 1696, 1765, 1822, 2027, 2038, 2067, 2089, 2094, 2135, 2175, 2424, 2500, 2642, 2867, 2980]"
Miyake,
Art of Touch Bistro and Espresso Bar,
Richards Farm Restaurant,
The Mug & Pizzaria,"[789, 2178, 2188, 2242, 2935]"
Pizza Shack of Kismet,"[2093, 2956]"
O'Bannon's Taphouse,
"The Rolling Pin Bakery, LLC","[43, 854, 1018, 1209, 1699, 1822, 2094, 2973]"
Abbe Lanes Restaurant,
Zero Cafe & Market,
Hot Rod Alley,
Klondike Restaurant & Bar,
Taqueria Guadalupana,"[254, 372, 1104, 1686, 1691, 2248, 2377, 2482, 2684]"
Santa Marina Restaurant & Bar,
The Ferry Boat Bar and Kitchen,"[25, 1497, 2517]"
Yafa,
A-Town Tap,
Chet's Lakeside Inn,
Sipipa,
Tony Macaroni Glasgow Fort,
Evie's Kitchen Caf√©,
Treat Shop,
Hillstone Restaurant at Bal Harbour,
Airport Way Restaurant,[2295]
ATL Thairiyaki ( Thai-Teriyaki Fusion Food ),
Mana's Snack Shop,
El Sanga,"[1263, 2316]"
